~id,~from,~to,~label
0,3700014600,CP4260,reference
7,PST-4395M1000,SOL-0201,reference
14,PST-5015-10MG,SOL-2635,reference
21,NPM-525C-1,SOL-0991,reference
28,PST-3960-10MG,SOL-2354,reference
35,QCM-200,SOL-0895,reference
42,WRK-142T,SWRK-142T,reference
49,190026433,5190-8209,reference
56,X3511-64015,X3512-64016,reference
63,TFP-14-1,SOL-3040,reference
70,EPA-1088-1,SOL-0060,reference
77,PPM-175-1,SOL-0891,reference
84,PST-6460-100MG,SOL-2947,reference
91,NPI-TEST-CLP-351X,SOL-0070,reference
92,SOR-120-1,SPST-2540,reference
99,PPM-632A-1,SOL-0953,reference
106,PANAL0222-6,SOL-1717,reference
113,HC-480-1,AGMTD_187,reference
120,US-335-1,SOL-0865,reference
127,PSM-105-L,SOL-1889,reference
135,PST-1760M100A01,SOL-0720,reference
142,PH-170-1,AGMTD_187,reference
149,US-202-1,SOL-0170,reference
156,DWM-524A-1,SOL-0141,reference
163,G2180-90004,G2180-90023,reference
170,TCLP-531-1,SOL-0945,reference
177,PSM-105-B,SOL-0745,reference
184,PMX-300-1,SOL-0269,reference
191,NAIM-529-F,SOL-0252,reference
198,NVM-8015-1,SOL-0020,reference
205,PMX-144-1,SOL-0231,reference
212,PANAL0225-3,ISOL-0748A,reference
219,A4134,5190-5087,reference
226,PST-130-25MG,SOL-0762,reference
233,DWM-583-1,SOL-0253,reference
240,NPM-625-1,SOL-0709,reference
247,RPC-140,SRPC-140,reference
254,PSM-101-B,SOL-0775,reference
261,CP7334,CP7334I,reference
268,5182-0745,5183-4758,reference
275,PST-2345-10MG,SPST-2345,reference
282,0410103020,410103020,reference
289,US-227-1,SOL-1254,reference
296,PANAL0213-3,AGMTD_26,reference
303,PAH-615-1,SOL-0535,reference
310,PST-3090-10MG,SOL-0887,reference
317,PST-2175A1000,SOL-0813,reference
324,IST-340-1,AGMTHD_71,reference
331,NAIM-545-1,SOL-0392,reference
338,PST-5850-10MG,AGMTD_252,reference
345,PM-831A-1,SOL-0615,reference
352,SVM-8270-1,SOL-0510,reference
359,ICC-010,AGMTD_180,reference
366,TFP-07-1,SPST-2115,reference
373,IMS-130-5,ISOL-8131B,reference
380,AL98719,5181-1214,reference
387,PPS-150-1,SRPC-060,reference
394,PANAL0217-1,AGMTD_4,reference
401,THM-511-1,SOL-0076,reference
408,190026404,5190-8358,reference
415,PST-071,SOL-0890,reference
422,QCM-125,SOL-0051,reference
429,CLP-200N-1,SOL-0905,reference
436,CB-680-1,SRPC-024,reference
443,CLP-120-1,AGMTD_166,reference
450,ICM-150,ISOL-2831A,reference
464,SVM-251-1,SOL-0102,reference
471,CLP-226C-1,SOL-0871,reference
478,XY-0127-1,AGMTD_129,reference
485,G1999-65461,G1999-20007,reference
499,PPM-515A-1,AGMTD_70,reference
506,NAIM-529-H,SOL-0394,reference
527,DWM-587-1,SOL-0731,reference
534,HBM-536-1,SOL-0245,reference
541,STM-600-1,SOL-0318,reference
548,PANAL0224-4,AGMTD_41,reference
569,HCM-555-1,SOL-0051,reference
583,EPA-1069-1,SOL-0029,reference
590,FLSA-074,SFLSA-074,reference
597,PST-4945A1000,SOL-1307,reference
604,ICM-810-5,ISOL-8300A,reference
611,PST-2155A100A01,SPST-2155,reference
618,1242TK-1,SOL-1242,reference
625,PSM-105-J,SOL-3068,reference
632,NPI-TEST-DWM-645-1,SOL-0265,reference
640,UST-120-1,SOL-0040,reference
647,PST-2495M100A01,SOL-1079,reference
654,US-244-1,AGMTD_170,reference
668,NPI-TEST-CLP-311-1,SOL-0148,reference
669,SNY-100-1,SOL-0152,reference
676,FLSA-023,SFLSA-023,reference
683,QCI-705A,ISOL-3308B,reference
690,PMX-100-1,SOL-0105,reference
697,G1946-60076,G1960-60076,reference
704,PSM-105-F,SOL-3865,reference
711,PHM-5524M-1,SOL-1021,reference
718,ICP-015,ISOL-0747BC,reference
725,X3511-64000,X3501-64016,reference
739,SG073109,5181-3323,reference
746,ICP-181,ISOL-8131B,reference
753,G5550-13815,G5550-23619,reference
760,SWA-310-1,SRNA-016,reference
796,392620550,8010-0011,reference
803,PST-1270,SPST-1270,reference
810,SVM-140-1,SOL-0199,reference
824,EPA-2011N-1,SOL-0225,reference
831,DWM-610-1,SOL-0043,reference
845,EPA-1061-1,AGMTD_187,reference
859,PST-2285K1000,SPST-2285,reference
866,PST-170,SOL-0835,reference
873,RPC-167S,SRPC-167,reference
887,US-201A-5ML,SOL-0155,reference
901,D471-B-1,SOL-0266,reference
908,PMX-146-1,SOL-0236,reference
915,UST-300-1,SOL-0650,reference
922,PSM-105-D,SOL-0728,reference
929,UST-141-1,AGMTD_199,reference
936,RPE-016,SRPE-016,reference
950,PST-625K1000,SOL-0715,reference
957,RPC-133,SRPC-133,reference
964,SVM-126-1,AGMTD_170,reference
971,US-455-1,SOL-0206,reference
978,PPM-609-1,AGMTD_115,reference
985,STM-401-1,AGMTD_141,reference
999,UST-210-1,SRNA-026,reference
1006,US-101N-1,SOL-0225,reference
1013,PAH-665-1,SOL-0535,reference
1020,PST-940A1000,SOL-0718,reference
1024,HBM-542-1,SOL-0835,reference
1031,PST-1400,SOL-1429,reference
1038,US-127-1,SOL-0700,reference
1045,HCM-547-1,SOL-0108,reference
1052,PANAL0216-3,AGMTD_26,reference
1059,99763003,8010-0224,reference
1066,HCM-630-1,SOL-0139,reference
1073,RCC-150,SOL-0017,reference
1080,DWM-514-1,SOL-0261,reference
1087,PAH-605-1,SOL-0535,reference
1094,ICM-461,ISOL-3308B,reference
1101,DWM-539-1,SOL-0042,reference
1108,WRK-100S,SWRK-100S,reference
1115,PST-2075-100MG,SPST-2075,reference
1122,DWM-544-1,GAS-100,reference
1129,ISM-310-1,SOL-0300,reference
1136,PANAL0225-6,ISOL-1131A,reference
1143,ISM-320-1,AGMTHD_97,reference
1150,X3511-64016,X3501-64016,reference
1157,PMX-225-1,SOL-0050,reference
1164,SYRCHS5235,G6500-80111,reference
1171,820662-906,820662-926,reference
1178,TFP-25-1,SPST-2570,reference
1185,ISM-522-1,AGMTHD_21,reference
1192,EPA-1050-1,SOL-0275,reference
1199,SVM-102-1,SOL-0102,reference
1206,SNJ-200-1,SOL-0685,reference
1213,ICP-046-25,ISOL-4600A,reference
1220,TFP-02-1,SOL-2180,reference
1227,D471-C-1,AGMTD_215,reference
1234,PANAL0214-3,AGMTD_26,reference
1241,RGO-302-1,SOL-2175,reference
1248,SOR-100-1,SOL-2742,reference
1255,US-280-1,SOL-0029,reference
1262,FRCS-156H,SWRK-143H,reference
1269,US-112A-1,SOL-0810,reference
1276,ASTM-100-1,SOL-0654,reference
1283,DWM-589N-1,SOL-0141,reference
1290,ICP-326,ISOL-2631B,reference
1297,PST-761-10MG,SOL-0970,reference
1304,PPM-485-1,AGMTD_115,reference
1311,392611634,8010-0002,reference
1318,QCM-111,SOL-0104,reference
1325,PANAL0222-3,SOL-1716,reference
1332,PST-3380-10MG,SOL-2734,reference
1339,SMA-330-1,SOL-0610,reference
1346,HBM-816M-1,SOL-1388,reference
1353,PST-2545K1000,SPST-2545,reference
1360,RPC-156,SRPC-156,reference
1374,US-450-1,AGMTD_129,reference
1381,PPM-165-1,SOL-0860,reference
1388,NPM-103-1,SOL-0982,reference
1395,CP10266,5190-3976,reference
1402,RGO-312-1,SOL-2175,reference
1409,NPM-530-1,SOL-0831,reference
1416,SOR-125-1,SOL-0490,reference
1423,PPM-695-1,SOL-0810,reference
1430,PST-3605A1000,SOL-2341,reference
1437,DWM-587A-1,SOL-0855,reference
1444,RPC-135S,SRPC-135,reference
1451,TFP-08-1,SOL-2563,reference
1458,US-130-1,SOL-0066,reference
1465,IAA-274,ISOL-7401,reference
1472,RPCM-245-1,SRPC-138,reference
1479,PST-2040A100A01,SOL-1084,reference
1486,CB-683M-1,SRPC-048,reference
1493,RAB-009,SRAB-009,reference
1507,ISM-280N-1,SOL-0340,reference
1514,8010-0193,9301-0978,reference
1521,PST-391,SOL-0791,reference
1528,CP8773,CP8773I,reference
1535,UST-100-1,SOL-0040,reference
1542,PPM-551B-1,SOL-0942,reference
1549,CP69024,5182-3465,reference
1556,PST-2850M100A01,SOL-1558,reference
1563,HBM-8150M-1,SOL-1020,reference
1570,CLP-301-1,SOL-0115,reference
1577,SAK-210-1,SRNA-016,reference
1584,PHM-834A-1,SOL-0084,reference
1591,ICP-104-25,ISOL-0432A,reference
1598,PSM-105-G,SOL-1877,reference
1605,PST-2680-25MG,SOL-0892,reference
1612,SFL-601-1,SOL-0683,reference
1619,G5667-60504,G5667-81002,reference
1626,PL2143-4001,PL2143-4000,reference
1647,DWM-535-1,SOL-0041,reference
1654,GCM-156-1,SOL-0046,reference
1661,RCB-004,SOL-0044,reference
1668,SG092004,5181-8818,reference
1682,ICC-017,ISOL-1167B,reference
1689,WRK-140A,SOL-0347,reference
1696,D471-E-1,SOL-1411,reference
1710,CLP-152-1,AGMTD_184,reference
1717,MV-V-392511025,392511025,reference
1724,EPA-1165-1,AGMTD_66,reference
1731,SVM-127-1,SOL-0142,reference
1738,CP28535,880952-703,reference
1745,RPE-019A,SRPE-019,reference
1752,HBM-5156M-1,SOL-1018,reference
1766,FLSA-110,SFLSA-110,reference
1773,STS-110N-1,AGMTD_75,reference
1780,ICP-022-25,ISOL-0776A,reference
1787,PSM-101-C,SOL-1312,reference
1794,PMX-105-1,SOL-0048,reference
1801,RGO-702-1,AGMTD_245,reference
1808,RNH-142,SRNH-142,reference
1815,PAH-645-1,SOL-0535,reference
1822,PST-2655-25MG,SPST-2655,reference
1829,G5664-86703,G5664-68712,reference
1836,WRK-101J,SOL-0682,reference
1843,NPI-TEST-PPM-251-1,SOL-0955,reference
1844,US-241-1,SOL-0199,reference
1851,QCM-100,SOL-0137,reference
1858,US-119-1,SOL-0995,reference
1865,DWM-596-1,SOL-0260,reference
1872,US-201-1,SOL-0265,reference
1879,PST-111-100MG,SOL-0770,reference
1886,DWM-533-1,SOL-0259,reference
1893,US-203-1,AGMTD_170,reference
1900,EPA-1138-1,AGMTD_187,reference
1907,CP28300,880952-703,reference
1914,PSM-101-K,SOL-2573,reference
1928,QCI-757A,ISOL-1109E,reference
1935,ALD-556X,SOL-0373,reference
1942,SVM-170-1,SOL-0068,reference
1949,EPA-2045N-1,SOL-0266,reference
1956,DWM-670-1,SOL-0257,reference
1963,UST-310-1,AGMTD_232,reference
1970,PANAL0220-3,SOL-1717,reference
1977,STM-390-1,SOL-0430,reference
1984,SLM-300-1,SOL-0379,reference
1998,PMX-185-1,SOL-0076,reference
2005,ISM-455-1,SOL-0403,reference
2012,HCM-580-1,SOL-0076,reference
2019,RPC-051AS,SRPC-051,reference
2040,PST-1785,SOL-0879,reference
2047,PAH-471-1,SOL-0615,reference
2048,PST-2280K1000,SPST-2280,reference
2055,MISA-220-1,SOL-0900,reference
2062,UST-400-1,SRNA-028,reference
2069,IST-701A-1,AGMTHD_24,reference
2076,DWM-580-1,SOL-0094,reference
2083,SCA-201-1,SOL-0936,reference
2090,PPM-808G-1,SOL-0954,reference
2097,PST-2610K1000,SOL-1089,reference
2104,RCC-192,SOL-0204,reference
2111,190026412,5190-8376,reference
2118,PST-3390A1000,SOL-2730,reference
2125,PMX-235-1,SOL-0139,reference
2132,DWM-588-1,SOL-0196,reference
2139,BTX-110-1,SOL-0267,reference
2146,PAH-660-1,SOL-0620,reference
2153,NVM-8015A-1,SOL-0364,reference
2160,PPM-507-1,SOL-0786,reference
2167,G1956-60125,G1956-67125,reference
2174,PST-1980M1000,SOL-1415,reference
2181,PMX-190-1,SOL-0098,reference
2188,PPM-125-1,SOL-0766,reference
2195,WRK-151A,SOL-0169,reference
2202,XY-0122-1,SOL-0180,reference
2209,CP7773,CP7773I,reference
2216,CB-681MN-1,SRPC-012,reference
2223,PM-612-1,SOL-0530,reference
2230,PST-1200,SOL-0946,reference
2237,TPM-100-1,SOL-0369,reference
2244,PST-1715M1000,SOL-0984,reference
2251,PPM-685-1,SOL-0810,reference
2258,PN02122019CSD,PN02122019CSD,reference
2265,US-380-1,SOL-0984,reference
2272,DWM-524-1,SOL-0261,reference
2279,RPC-EPA-1,SRPC-106,reference
2286,US-218-1,AGMTD_170,reference
2293,RPC-186S,SRPC-186,reference
2300,ICP-405,ISOL-0129A,reference
2307,CLP-156-1,SOL-0267,reference
2314,NPI-TEST-HCM-547-1,AGMTHD_38,reference
2315,PST-3260-10MG,SOL-1588,reference
2322,P-610-1,SOL-0535,reference
2329,HBM-430M-1,SOL-1026,reference
2336,ISM-321X,SOL-0291,reference
2343,PST-2560M100A01,SPST-2560,reference
2357,ALD-554A-1,SOL-0462,reference
2364,PANAL0212-3,AGMTD_26,reference
2378,US-210-1,SOL-0226,reference
2385,PST-2530K1000,SOL-1069,reference
2392,STM-240N-1,SOL-0035,reference
2399,PPS-262M1000,SOL-1029,reference
2406,US-435-1,SOL-0590,reference
2413,RBF-089,SRBF-089,reference
2427,P-640-1,AGMTD_187,reference
2434,DWM-604-1,GAS-130,reference
2448,PHM-804-1,SOL-0228,reference
2455,NPI-TEST-PM-612-1,SOL-0505,reference
2456,NS-140-1,AGMTD_187,reference
2470,PST-4580A1000,SOL-2911,reference
2477,8200204001,5190-8304,reference
2484,CFC-250-1,SCFC-250,reference
2491,PST-2220-100MG,SPST-2220,reference
2498,HCM-550-1,SOL-0076,reference
2505,PPS-240-1,AGMTD_66,reference
2512,EPA-2008N-1,SOL-0245,reference
2519,RPC-EPA2-1,SRPC-060,reference
2526,FRCS-156B,SWRK-143A,reference
2533,PST-140-10MG,SOL-0805,reference
2540,EPA-1035-1,AGMTD_187,reference
2554,HBM-526-1,SOL-0245,reference
2561,MISA-170-1,SOL-0266,reference
2568,NH-200-1,AGMTD_187,reference
2575,PST-1985A1000,SOL-0903,reference
2582,FLPK-003I,SFLSA-050,reference
2589,SVM-111-1,SOL-0170,reference
2596,PPM-255-1,SOL-0957,reference
2603,SG002000,5190-1483,reference
2610,NPI-TEST-DWM-526-1,SOL-0006,reference
2611,PPM-471A-1,SPST-241,reference
2618,RGO-314-1,SOL-2177,reference
2625,G2801-60648,G2801-60748,reference
2639,HBM-5155M-1,SOL-1018,reference
2646,DRG-1140M1000,SOL-1194,reference
2653,HBM-8150A-1,SOL-0805,reference
2660,PHM-5522M-1,SOL-1021,reference
2667,PHM-814-1,SOL-0228,reference
2674,RBF-007,SRBF-007,reference
2681,DWM-625-1,SOL-0080,reference
2688,ISM-336X,SOL-0316,reference
2695,T145307120,14-5307-120,reference
2702,ICP-083,ISOL-8300A,reference
2709,PPM-608C-1,SOL-0845,reference
2716,DWM-503-1,SOL-0170,reference
2723,PST-6030-10MG,SOL-1885,reference
2730,PST-5700-10MG,SOL-3060,reference
2737,HCM-551D-1,SOL-0048,reference
2744,PPS-490X,AGMTD_193,reference
2751,HCM-560-1,SOL-0076,reference
2765,PAH-635-1,SOL-0535,reference
2772,392620306,8010-0140,reference
2779,RAH-063,SRAH-063,reference
2786,1254TK-B,AGMTD_78,reference
2793,CHM-625-1,SOL-0155,reference
2800,PPM-251-1,SOL-0922,reference
2807,PP-280-1,SOL-1016,reference
2814,UST-110-1,SOL-0040,reference
2821,DWM-826A-1,SOL-0048,reference
2828,PST-1755-10MG,SOL-0695,reference
2835,DWM-526-1,SOL-0007,reference
2842,PST-2215K1000,SPST-2215,reference
2856,HBM-8151M-1,SOL-1020,reference
2863,PSM-606-1,SOL-0113,reference
2870,CLP-226D-1,SOL-0900,reference
2877,UC1532,0890-1761,reference
2884,PST-710K1000,SOL-0962,reference
2891,ICP-148,ISOL-4831A,reference
2898,NAIM-529-E,SOL-0393,reference
2905,CH-150-1,SOL-0155,reference
2912,8500-8130,8500-8510,reference
2926,DWM-660-1,SOL-0257,reference
2933,PPS-174-1,AGMTD_72,reference
2940,HBM-8151A-1,SOL-0805,reference
2947,DWM-720-1,SOL-0137,reference
2954,NAIM-529-A,SOL-0112,reference
2961,PP-200-1,SOL-0860,reference
2968,PANAL0224-5,SOL-1674,reference
2975,CP7889,CP7889I,reference
2996,CLP-206-1,SOL-0880,reference
3003,ASTM-130-1,SOL-0654,reference
3010,PST-6640-10MG,SOL-4021,reference
3017,PST-2335-50MG,SPST-2335,reference
3024,QCM-115,SOL-0040,reference
3031,SMN-101-1,SGAS-140,reference
3045,ICP-055-25,ISOL-5531A,reference
3066,392620304,8010-0139,reference
3072,CR239287,5183-4761,reference
3079,SWA-300-1,SOL-0535,reference
3086,PPM-210-1,SOL-0700,reference
3093,NVM-826-1,SOL-1239,reference
3100,DWM-620-1,SOL-0257,reference
3107,PST-050-10MG,SOL-0830,reference
3114,PPM-808B-1,SOL-0890,reference
3121,SWA-100-1,SOL-0056,reference
3128,PPM-480-1,SOL-0895,reference
3135,US-430-1,SOL-0076,reference
3142,DWM-525-1,SOL-0258,reference
3149,G3280-90006,G3280-90008,reference
3156,PST-512,SOL-0871,reference
3163,DWM-532-1,SOL-0099,reference
3177,FLM-003-1,SOL-0266,reference
3184,US-110-1,SOL-0066,reference
3191,US-385-1,SOL-0990,reference
3198,PSM-101-F,SOL-2236,reference
3205,PST-3725-10MG,SOL-1883,reference
3212,ICC-012,AGMTD_53,reference
3219,MISA-160-1,SOL-0104,reference
3226,HCM-530-1,SOL-0076,reference
3233,PST-3140-100MG,SOL-0901,reference
3240,PANAL0215-3,AGMTD_26,reference
3247,US-425-1,SOL-0051,reference
3254,HBM-435-1,AGMTD_72,reference
3261,PST-1280K100A01,SOL-0733,reference
3268,HBM-8153A-1,SOL-0930,reference
3275,RCP-016,SOL-0277,reference
3282,RPE-023,SRPE-023,reference
3289,RPCM-8082-1,SRPC-029,reference
3296,PST-3425K1000,SOL-2234,reference
3303,MSR-2,MSR-1,reference
3310,PST-1080A1000,SOL-0899,reference
3317,PST-470-25MG,SOL-0795,reference
3324,PST-3900A1000,SOL-2720,reference
3331,0410105003,410105003,reference
3338,SVM-165-1,SOL-0226,reference
3345,G7536D,5190-4837,reference
3352,PST-3815M1000,SOL-3730,reference
3359,TFP-09-1,SOL-1482,reference
3366,AM-260-1,AGMTD_187,reference
3373,G5550-12494,G5550-18319,reference
3380,PST-2000-10MG,SOL-0909,reference
3387,US-360-1,AGMTD_65,reference
3394,PHM-100-1,SOL-1192,reference
3401,PST-3095K1000,SOL-1589,reference
3408,EPA-1105-1,SOL-0130,reference
3415,WRK-145E,SFLPK-007J,reference
3422,US-120AN-1,SOL-0425,reference
3429,AL4037,5181-3317,reference
3436,PST-1870-10MG,SPST-1870,reference
3443,TCLP-533-1,AGMTD_115,reference
3450,NAI-120-1,SOL-0180,reference
3457,190026417,5190-8406,reference
3471,D471-F-1,SOL-0105,reference
3478,PHM-557-1,AGMTHD_47,reference
3485,TPM-110-1,SOL-0369,reference
3492,ISM-333XC,SOL-0340,reference
3499,SCA-202-1,SOL-0941,reference
3506,0100-0160,12-0041-016,reference
3513,CP201954,5190-5262,reference
3520,SG092038,8004-0108,reference
3534,EPA-1212-1,AGMTD_187,reference
3541,ASTM-110-1,SOL-0654,reference
3548,ICP-424A,ISOL-0724A,reference
3555,A4004,0890-1761,reference
3562,RPC-099S,SRPC-099,reference
3569,DWM-534-1,SOL-0261,reference
3576,QCM-116,SOL-0061,reference
3583,PHM-624-1,AGMTHD_53,reference
3597,SG036110,5190-1482,reference
3604,TPM-105-1,SOL-4611,reference
3611,RHH-041,SRHH-041,reference
3618,NPI-TEST-PPM-145-1,SOL-0990,reference
3619,PP-294-1,AGMTD_115,reference
3626,PPM-145-1,SOL-0766,reference
3640,AX012664,AX012944,reference
3647,0101-0920,G1316-67005,reference
3654,HCM-546-1,SOL-0273,reference
3661,US-350-1,SOL-1026,reference
3668,5182-9665,5190-1502,reference
3675,US-112B-1,SOL-0880,reference
3682,TFP-37-1,SOL-1504,reference
3689,US-114-1,SOL-0295,reference
3696,PP-302-1,AGMTD_157,reference
3703,IST-342-1,AGMTHD_110,reference
3710,5067-4118,5067-4240,reference
3717,EPA-2043N-1,SOL-0080,reference
3724,ICP-051,AGMTD_107,reference
3731,5001-3726,5043-1711,reference
3738,SWA-330-1,SOL-0535,reference
3745,PST-1135-100MG,SOL-3810,reference
3752,PST-1770-10MG,SOL-0874,reference
3759,US-201A-1,SOL-0104,reference
3766,QCM-112,SOL-0256,reference
3773,DWM-536-1,SOL-0263,reference
3780,EPA-1030-1,SOL-0092,reference
3787,RPC-048S,SRPC-048,reference
3794,NAI-270-1,AGMTHD_117,reference
3801,NPI-TEST-HCM-605-1,SOL-0092,reference
3802,PST-5360-10MG,SOL-3065,reference
3809,SG001150,5190-1481,reference
3816,AM-210-1,AGMTD_180,reference
3823,PMX-165-1,SOL-0076,reference
3830,DWM-591A-1,SOL-0141,reference
3837,SNV-100-1,SPST-2340,reference
3844,THM-521-1,SOL-0076,reference
3851,SMA-310-1,SOL-0678,reference
3858,SVM-625-1,SOL-0535,reference
3865,WRK-151H,SWRK-151H,reference
3872,FLHC-014,SFLHC-014,reference
3879,PSM-250-1,SOL-0845,reference
3886,5182-3440,RMSN-2,reference
3893,HCM-601-1,SOL-0147,reference
3907,MV-V-391791400,391791400,reference
3921,USPM-467K-1,SOL-0137,reference
3928,TFP-10-1,SOL-2333,reference
3935,SVM-120A-1,SOL-0070,reference
3942,ADH-Z328,G2801-80300,reference
3949,PPM-115-1,SOL-0769,reference
3956,RPCM-240-1,SRPC-171,reference
3963,PHM-5521M-1,SOL-1055,reference
3970,TFP-20-1,SOL-0701,reference
3977,CR211108,8010-0304,reference
3984,HCM-801-1,SOL-0063,reference
3998,CLP-340-1,SOL-0238,reference
4005,SG092034,8004-0110,reference
4012,DWM-599-1,SOL-0259,reference
4019,CLP-311-1,AGMTD_170,reference
4026,PANAL0215-1,SOL-0346,reference
4033,CLP-410-1,SOL-0060,reference
4040,HM81075,5190-1508,reference
4047,DWM-645-1,SOL-0104,reference
4054,DWM-520-1,SOL-0260,reference
4061,HBM-555B-1,SOL-0245,reference
4068,EPA-1206-1,SOL-0007,reference
4075,STM-250N-1,SOL-0420,reference
4082,PST-2580-10MG,SOL-1564,reference
4089,HCM-570-1,SOL-0076,reference
4099,MISA-221-1,SOL-0845,reference
4106,RPC-116S,SRPC-116,reference
4113,CP8745,CP8745I,reference
4120,PST-2520A100A01,SOL-1066,reference
4127,HBM-525-1,SOL-0942,reference
4148,PSM-101-P,SPST-2560,reference
4155,RSC-100-1,SOL-1244,reference
4162,SCA-112-1,SOL-1234,reference
4169,QCI-717B,ISOL-2017A,reference
4190,PST-4040M1000,SOL-0835,reference
4197,PST-2690-10MG,SOL-0904,reference
4212,PANAL0221-5,AGMTD_35,reference
4219,PST-660,SOL-0702,reference
4226,PST-960M100A01,SOL-1088,reference
4240,NPI-TEST-HBM-420-1,SOL-0744,reference
4248,PPM-155-1,SOL-0769,reference
4255,ISM-565-1,SOL-0314,reference
4262,PM-006-34-1,SOL-0585,reference
4269,EPA-1053-1,SOL-0285,reference
4283,RBF-091S,SRBF-091,reference
4297,PST-1600A100A01,SOL-0959,reference
4304,HBM-400M-1,SOL-1019,reference
4311,QCM-501,SOL-0830,reference
4325,PP-300-1,AGMTD_115,reference
4332,PST-710,SOL-0962,reference
4360,NSM-805-1,SOL-0211,reference
4367,ICM-464,ISOL-3408A,reference
4374,PST-2280A100A01,SPST-2280,reference
4381,RGO-642-1,SOL-1103,reference
4389,RGO-250,AGMTD_192,reference
4396,TFP-03-1,SOL-2720,reference
4403,FRSP-180N,SOL-0905,reference
4410,SG031810,5190-1558,reference
4424,ICP-155-25,ISOL-5531A,reference
4466,ALD-8315-1,SOL-0008,reference
4473,PAH-630-1,SOL-0571,reference
4480,NSM-807-1,SOL-0213,reference
4487,PM-105-1,SOL-0590,reference
4494,8010-0057,5183-4442,reference
4515,US-107N-1,SOL-0070,reference
4522,NSM-800-1,SOL-0205,reference
4529,PPM-150-1,SOL-0988,reference
4536,PPM-808F-1,SOL-0175,reference
4543,RGO-230,AGMTD_192,reference
4557,PSM-101-D,SOL-0952,reference
4564,ICM-224,AGMTD_107,reference
4571,HCM-815-1,SOL-0261,reference
4578,RCP-052,SRCP-052,reference
4592,PST-931M1000,SOL-1035,reference
4599,PST-1360,SOL-0778,reference
4606,ICP-066,ISOL-6608A,reference
4613,392611635,8010-0003,reference
4620,CLP-351X,SOL-0070,reference
4627,PST-626M1000,SOL-2408,reference
4634,5183-4594,5183-4759,reference
4641,5080-8716,AGMTD_2,reference
4648,SCA-110-1,SOL-1235,reference
4662,PPM-508B-1,SOL-0895,reference
4669,RGO-210,AGMTD_192,reference
4697,DMP-020,SOL-0148,reference
4711,RPC-071S,SRPC-071,reference
4718,PHM-630-1,SOL-0070,reference
4732,PST-2835-10MG,SOL-0737,reference
4739,EPA-1008-1,AGMTD_187,reference
4746,SG073200,5188-5361,reference
4753,PPM-527A-1,SOL-0710,reference
4760,EPA-1101-1,SOL-0101,reference
4774,WRK-105I,SOL-0366,reference
4781,NPI-TEST-PAH-630-1,AGMTHD_61,reference
4782,PPM-608B-1,SOL-0820,reference
4796,RPC-126,SRPC-126,reference
4803,EPA-1282-1,AGMTD_78,reference
4817,14-8901-000,14-8901-600,reference
4824,RHH-038,AGMTD_187,reference
4831,PSM-101-N,SOL-0762,reference
4845,NAI-171-1,AGMTHD_110,reference
4852,PANAL0101,AGMTD_16,reference
4859,5062-3552,5190-6979,reference
4866,392611549,8010-0198,reference
4873,PPM-541-1,AGMTD_85,reference
4887,US-135-1,SOL-0175,reference
4894,NPM-619-1,SOL-0983,reference
4901,US-118-1,SOL-0745,reference
4908,HCM-624-1,SOL-0285,reference
4922,DRG-1171-10MG,AGMTD_187,reference
4929,RAB-042,SOL-0080,reference
4936,NPM-621-1,AGMTHD_68,reference
4943,FLSA-087,SFLSA-087,reference
4957,ICP-081-25,ISOL-8131B,reference
4964,UST-111-1,SOL-0268,reference
4971,PANAL0220-4,AGMTD_12,reference
4978,MKI-Z-01342S,MKI-UTE-5003,reference
4985,RPC-047,SRPC-047,reference
4992,DLM-031-1,SOL-0043,reference
5006,SVM-112-1,SOL-0205,reference
5013,PSM-620-1,SOL-0113,reference
5020,ICP-059,ISOL-5900A,reference
5027,ISM-651X,SOL-0422,reference
5048,RCC-070,SOL-0211,reference
5055,ISM-521-1,AGMTHD_21,reference
5062,WRK-180N,SWRK-180N,reference
5069,PPM-525F-1,SOL-0905,reference
5083,CP914716,2010095000,reference
5090,392611860,8010-0165,reference
5097,ICC-030,ISOL-1992A,reference
5118,FLSA-036,SFLSA-036,reference
5126,USPM-467D-1,SOL-0040,reference
5154,RGO-310-1,SOL-2176,reference
5168,EPA-1045-1,SOL-0253,reference
5175,STM-330N-1,SOL-0342,reference
5182,US-300-1,SOL-0082,reference
5189,PST-3505-10MG,SOL-1730,reference
5196,CH-230-1,AGMTD_187,reference
5203,QCI-706A,ISOL-3308B,reference
5210,SG073111,5062-3514,reference
5217,PPS-166-1,AGMTD_163,reference
5224,WRK-151M,SOL-0467,reference
5231,ISM-511X,SOL-0289,reference
5238,G3170-65400,G3170-67400,reference
5252,PSM-105-A,SOL-0855,reference
5266,TFP-29-1,AGMTD_251,reference
5273,PST-1405M100A01,SOL-0851,reference
5280,TCLP-511N-1,SOL-0225,reference
5287,RPC-090S,SRPC-090,reference
5294,US-215-10ML,SOL-0428,reference
5301,EPA-1342-1,SOL-1248,reference
5308,NAIM-529-I,SOL-0225,reference
5322,G5550-06432,G5550-18641,reference
5329,ISM-451-1,AGMTHD_10,reference
5336,PANAL0211-4,SOL-1649,reference
5343,PSM-105-C,SOL-1478,reference
5350,PPM-552-1,SOL-0715,reference
5357,RPC-055AS,SRPC-055,reference
5364,ICP-438,ISOL-3831B,reference
5371,GCM-150-1,AGMTD_170,reference
5378,SFL-610-1,SOL-0181,reference
5385,US-226-1,SOL-1260,reference
5399,P-620-1,SOL-0538,reference
5406,HBM-410M-1,AGMTD_71,reference
5413,PPM-660-1,SOL-0880,reference
5420,PST-4000H2000,AGMTD_170,reference
5427,PPM-808C-1,SOL-0770,reference
5448,PST-171,SOL-1026,reference
5455,ICP-382,ISOL-8231A,reference
5462,HBM-5155A-1,SOL-1012,reference
5483,RPC-029S,SRPC-029,reference
5490,RCA-010,SRCA-010,reference
5497,PHM-604-1,SOL-0226,reference
5511,SVM-500-1,SOL-0155,reference
5518,RPC-057AS,SRPC-057,reference
5525,PSM-101-O,SPST-2075,reference
5532,GMT-4GC-HP,5182-9411,reference
5539,CP201937,5190-5088,reference
5553,PSM-517-1,SOL-0113,reference
5560,PPS-360-1,AGMTD_156,reference
5567,RPC-120AS,SRPC-120,reference
5574,PMX-111-1,SOL-0110,reference
5581,WRK-105B,SWRK-105B,reference
5588,PMX-130-1,SOL-0105,reference
5595,PST-820A100A01,SPST-820,reference
5602,PST-120,SOL-0745,reference
5609,ICP-075-25,ISOL-7500A,reference
5616,PST-380,SOL-0793,reference
5623,PST-2045-100MG,SOL-1008,reference
5637,DWM-685-1,SOL-0104,reference
5644,PST-3770-10MG,SOL-3788,reference
5658,HCM-601G-1,GAS-120,reference
5665,RPC-059AS,SRPC-059,reference
5672,FLSA-055,SFLSA-055,reference
5686,IOT-2-SS-HP,5182-9202,reference
5693,PPM-554-1,SOL-0942,reference
5707,USPM-467L-1,SOL-0650,reference
5714,PST-2775-10MG,SOL-1590,reference
5721,PST-3185-100MG,SOL-0229,reference
5728,8001-0003,8001-0013,reference
5763,NPI-TEST-NVM-8015A-1,SOL-0001,reference
5771,MLA202100,8010-0034,reference
5813,SMA-200-1,SOL-0650,reference
5841,PST-4000-10MG,SOL-0705,reference
5848,RGO-240,AGMTD_192,reference
5869,WRK-170J,SOL-0457,reference
5876,PPS-441-1,SOL-2427,reference
5883,PM-613A-1,SOL-0505,reference
5890,ICP-038-25,ISOL-3831B,reference
5911,392620542,8010-0195,reference
5918,PM-831-1,SOL-0510,reference
5925,PST-890,SOL-0999,reference
5932,ISM-512-1,SOL-0289,reference
5939,0410105004,410105004,reference
5960,DWM-523-1,SOL-0898,reference
5967,RPC-148S,SRPC-148,reference
5988,PST-271-100MG,SPST-271,reference
5995,CB-685-1,SRPC-036,reference
6002,PST-120-10MG,SOL-0745,reference
6009,392611972,8010-0422,reference
6030,BEC-115-1,AGMTD_187,reference
6037,CLP-158-1,SOL-0152,reference
6051,PPM-655-1,AGMTD_117,reference
6058,NAIM-620-1,SOL-0180,reference
6065,STM-541-1,SOL-0318,reference
6072,PST-060A100A01,SOL-0728,reference
6079,RPC-110,SRPC-110,reference
6086,RPC-128AS,SRPC-128,reference
6093,5181-1209,MSR-1,reference
6100,NAIM-529-G,SOL-0473,reference
6107,ICM-605,AGMTD_107,reference
6114,ICP-066-25,ISOL-6608A,reference
6121,PSM-525A-1,SOL-0175,reference
6135,PST-3230K100A01,SOL-1430,reference
6145,PPM-5090-1,SOL-0775,reference
6152,PPM-533-1,SOL-0937,reference
6159,PST-1490M100A01,SOL-0919,reference
6166,SOR-105-1,SOL-0928,reference
6173,EPA-1228-1,SOL-0393,reference
6180,RGO-300-1,SOL-2176,reference
6187,TCLP-500-1,SOL-0260,reference
6194,US-370-1,SOL-0987,reference
6201,PSM-520-1,SOL-0102,reference
6208,SVM-122-1,SOL-0136,reference
6215,HCM-621-1,SOL-0275,reference
6222,5610104700,5610126700,reference
6229,DRG-1170M1000,AGMTD_170,reference
6236,PST-1430-10MG,SOL-0875,reference
6243,PMX-210-1,SOL-0110,reference
6250,ISM-331-1,SOL-0428,reference
6257,PPM-535-1,SOL-2409,reference
6271,CHM-842A-1,AGMTD_161,reference
6278,USPM-467J-1,SOL-0140,reference
6292,PST-050M1000,AGMTD_125,reference
6299,HBM-535-1,SOL-1012,reference
6306,PSM-105-E,SOL-3810,reference
6313,D471-HA-1,SOL-0139,reference
6320,PANAL0219-4,SOL-1717,reference
6327,SMA-301-1,SOL-0555,reference
6334,MV-V-392517800,392517800,reference
6341,PMX-115-1,SOL-0048,reference
6348,MSM-100-1,SOL-0535,reference
6355,ISM-531-1,SOL-0344,reference
6362,NPI-TEST-PHM-552M-1,SOL-1054,reference
6363,WRK-170N,SWRK-170N,reference
6377,PST-2875A1000,SOL-1495,reference
6398,ICP-146-25,ISOL-4600A,reference
6405,HCM-575-1,SOL-0051,reference
6412,EPA-1020-1,AGMTD_187,reference
6426,PPM-508G-1,SOL-0770,reference
6433,HBM-540-1,SOL-0805,reference
6447,STM-520-1,AGMTD_167,reference
6461,DWM-592-1,SOL-0099,reference
6468,RPC-053AS,SRPC-053,reference
6475,DWM-655-1,SOL-0080,reference
6482,B-121-1,AGMTD_170,reference
6489,FLPK-004T,SFLSA-027,reference
6496,DWM-540-1,SOL-0260,reference
6510,ICC-105,ISOL-1231D,reference
6517,RCC-208,SOL-0173,reference
6524,US-106N-1,AGMTD_170,reference
6531,MV-V-392544001,392544001,reference
6538,PST-140-50MG,SOL-0805,reference
6545,US-220-5ML,SOL-0505,reference
6552,UST-140-1,SOL-0040,reference
6559,R19.2-2222,STDCPT_271692,reference
6567,19091N-111,19091N-111I,reference
6574,MV-V-R007105682,R007105682,reference
6581,PST-3510K100A01,SOL-2327,reference
6588,TFP-06-1,SOL-1005,reference
6595,RPC-149,SRPC-149,reference
6602,MV-V-392513800,392513800,reference
6609,PM-610-1,SOL-0500,reference
6616,G3660-90002,G3660-90003,reference
6623,SVM-527-1,SOL-0982,reference
6630,PSM-524-1,SOL-0082,reference
6644,G3170-60158,G3170-60195,reference
6651,RHH-017,SOL-0257,reference
6665,PST-1830-10MG,SOL-0986,reference
6672,US-119A-1,SOL-0875,reference
6679,SPM-630-1,SOL-0940,reference
6686,A0386250X046,990967-905,reference
6693,ICM-234,AGMTD_49,reference
6700,IST-440-1,AGMTHD_110,reference
6707,G7584G,5190-4947,reference
6714,R007101637,R007101447,reference
6728,DWM-552-1,SGAS-140,reference
6735,PPS-500X,SOL-0289,reference
6742,PST-6010-25MG,SOL-1886,reference
6749,PST-400-50MG,SOL-0845,reference
6756,PM-553-1,SOL-0530,reference
6763,HCM-551B-1,SOL-0274,reference
6771,IST-210-1,AGMTHD_71,reference
6778,TFP-21-1,SOL-0926,reference
6785,PPM-525E-1,SOL-0745,reference
6799,PPM-530C-1,SOL-0720,reference
6806,CLP-150-1,SOL-0267,reference
6813,PPS-132-1,AGMTD_67,reference
6820,5182-0892,5182-3454,reference
6827,PSM-105-M,SOL-0959,reference
6834,EPA-1098-1,SOL-0820,reference
6855,PST-5220A1000,SOL-1308,reference
6862,IMS-103,ISOL-4431A,reference
6869,RPC-122AS,SRPC-122,reference
6876,PHM-610-1,SOL-0070,reference
6890,PMX-250-1,SOL-0110,reference
6897,PSM-101-I,SOL-4291,reference
6904,5982-3465,12255021,reference
6918,SCA-300-1,SOL-0099,reference
6946,ICP-122-25,ISOL-0776A,reference
6953,HBM-512-1,SOL-0786,reference
6960,US-214-1,SOL-0144,reference
6967,DWM-563-1,SOL-0170,reference
6981,FLSA-004,SFLSA-004,reference
6988,PP-270-1,AGMTD_63,reference
6995,ICP-174-25,ISOL-7401,reference
7002,RPC-124AS,SRPC-124,reference
7016,CP914335,G6500-88021,reference
7030,QCI-702,ISOL-2030A,reference
7037,FRSP-180M,SOL-0891,reference
7051,PST-3100A100A01,SOL-1600,reference
7058,US-275-1,SOL-0740,reference
7065,ALD-8315D-1,SOL-2424,reference
7072,DY50425200,5190-3976,reference
7079,NPI-TEST-CLP-202-1,SOL-0905,reference
7087,47995N-1,AGMTD_78,reference
7094,IST-370-1,SOL-0344,reference
7102,PST-6520-10MG,SOL-3891,reference
7109,PST-3400A100A01,SOL-1874,reference
7123,G4556-80116,G4556-80106,reference
7138,RPC-126AS,SRPC-126,reference
7145,ISM-453-1,SOL-0815,reference
7168,A4152,5190-5085,reference
7175,PST-5095-10MG,SOL-1964,reference
7182,PANAL0224,AGMTHD_140,reference
7189,PST-2015-10MG,SOL-1092,reference
7196,G3170-89028,G3170-80028,reference
7203,PPM-508F-1,SOL-0700,reference
7210,PANAL0169,SOL-1657,reference
7224,PPM-508-1,SOL-0760,reference
7231,HBM-8152M-1,SOL-1020,reference
7245,NAIM-529-B,SOL-0392,reference
7252,HCM-565-1,SOL-0051,reference
7259,PST-1255-250MG,SOL-0732,reference
7266,DWM-597-1,SFLSA-016,reference
7273,ISM-290N-1,AGMTHD_71,reference
7280,HBM-530-1,SOL-0805,reference
7287,G2505-80044,G2505-80046,reference
7294,WRK-120N,SFLMS-003,reference
7301,CLP-216-1,SOL-0880,reference
7308,5183-4521,5183-4312,reference
7315,PPM-555-1,SOL-0905,reference
7322,NPI-TEST-PMX-190-1,SOL-0260,reference
7330,NPM-112-5ML,SOL-0944,reference
7337,PAH-655-1,SOL-0535,reference
7344,PST-1335I100A01,SOL-0753,reference
7351,US-436-1,SOL-0525,reference
7358,DWM-591-1,SOL-0254,reference
7372,1260TK-A2,AGMTD_78,reference
7386,PST-600,SOL-0977,reference
7393,HBM-815M-1,AGMTD_164,reference
7400,PM-810-1,SOL-0505,reference
7407,PM-552-1,SOL-0525,reference
7414,PMX-110-1,SOL-0105,reference
7428,PST-160M100A01,SOL-0786,reference
7442,PM-022-1,SOL-0510,reference
7449,QCI-715B,ISOL-1105A,reference
7456,STM-320N-1,AGMTD_75,reference
7463,TFP-18-1,SOL-0999,reference
7470,RGO-711-1,SOL-0656,reference
7491,8200205201,5190-8313,reference
7498,PAH-600-1,SOL-0571,reference
7505,AL94882,9301-0722,reference
7512,NPI-TEST-HCM-540-1,SOL-0175,reference
7513,ITA-70,SOL-4220,reference
7520,PST-2400-10MG,SOL-3078,reference
7541,US-126-1,SOL-0515,reference
7562,G1969-69060,G1969-65060,reference
7569,G1544-20570,G1544-60515,reference
7583,G1311-69520,G1311-69540,reference
7597,RPC-054,SRPC-054,reference
7604,US-440-1,SOL-0176,reference
7618,SMA-300-1,SOL-0181,reference
7646,STS-490-1,AGMTD_239,reference
7667,MV-V-394966601,394966601,reference
7681,NVM-8015B-1,SOL-0244,reference
7688,IAA-268,ISOL-6800A,reference
7695,IST-760-1,AGMTHD_16,reference
7702,PMX-205-1,SOL-0056,reference
7709,HCM-622-1,SOL-0152,reference
7723,PST-5555A1000,SOL-3981,reference
7730,WRK-140B,SFLSA-032,reference
7744,5190-8065,5190-8635,reference
7751,PST-2150-10MG,SPST-2150,reference
7758,IST-251-1,AGMTHD_71,reference
7772,WRK-145M,SWRK-145M,reference
7779,HBM-513M-1,SOL-1045,reference
7786,STS-130-1,SOL-0416,reference
7793,MSM-105-1,SOL-0672,reference
7800,NPI-TEST-HCM-551D-1,SOL-0050,reference
7801,D471-L-1,SOL-1173,reference
7808,US-270-1,AGMTD_170,reference
7815,RAH-051,SOL-0525,reference
7822,PMX-145B-1,AGMTD_167,reference
7829,PPM-831-1,AGMTD_175,reference
7836,GCM-130-1,SOL-0046,reference
7843,PST-6280-10MG,SOL-3071,reference
7857,IAA-271,ISOL-7131A,reference
7864,PST-3395A1000,SOL-1825,reference
7885,HBM-5156A-1,SOL-1012,reference
7899,WRK-142B,SWRK-142B,reference
7906,NPM-112-1,AGMTD_65,reference
7920,PST-2015-50MG,SOL-1092,reference
7927,TFP-33-1,SOL-2340,reference
7941,ICP-072-25,ISOL-7200B,reference
7948,PMX-220-1,SOL-0016,reference
7955,US-700002391-3,SOL-0014,reference
7962,PST-2075M1000,SPST-2075,reference
7976,PST-2500M100A01,SOL-0964,reference
7983,PANAL0013,ISOL-1917,reference
7998,PST-2575-100MG,SPST-2575,reference
8005,NPM-520-1,SOL-0965,reference
8012,CHM-622-1,AGMTD_121,reference
8019,TFP-35-1,SOL-1764,reference
8026,PPM-680-1,SOL-0880,reference
8040,ICM-215,AGMTD_49,reference
8055,HBM-5157A-1,SOL-1012,reference
8062,PPM-650-1,SOL-0721,reference
8083,HCM-536-1,SOL-0905,reference
8111,ICM-642-5,AGMTD_49,reference
8125,US-295-1,SOL-0104,reference
8132,PM-525A-1,SOL-0585,reference
8153,PP-352-1,SOL-1254,reference
8167,DWM-527-1,SOL-0015,reference
8181,SWA-500-1,SOL-0682,reference
8188,RAH-077,SOL-0560,reference
8197,NPI-TEST-PMX-225-1,SOL-0058,reference
8198,G1969-80227,G1969-80027,reference
8205,8010-0181,5183-4498,reference
8212,5042-1347,5041-2168,reference
8219,RAH-033,SRAH-033,reference
8226,SPM-614-1,SOL-0795,reference
8233,NPI-TEST-ICM-150,ISOL-2531A,reference
8234,PPS-251-1,SOL-0261,reference
8248,PPM-522-1,SOL-0760,reference
8255,PSM-630-1,SOL-0113,reference
8262,PST-3115-100MG,SOL-1480,reference
8269,SWSS2041,5180-4116,reference
8283,CP914408,391896306,reference
8297,PSM-101-L,SPST-820,reference
8304,RPC-216S,SRPC-216,reference
8311,PST-3480-10MG,SOL-1814,reference
8346,RPC-090-200MG,SRPC-090,reference
8353,STM-321-1,SOL-0316,reference
8374,PSM-826-1,SOL-0163,reference
8381,RAB-016M1000,AGMTD_169,reference
8388,PST-5510-10MG,SOL-1811,reference
8395,0410105036,410105036,reference
8409,PST-530M100A01,SOL-0863,reference
8416,ICM-204,ISOL-4208AB,reference
8437,PM-045-1,SOL-0585,reference
8451,CLP-250-1,AGMTD_183,reference
8465,ICC-007,AGMTD_53,reference
8472,PPM-515-1,SOL-0414,reference
8486,RPC-090,SRPC-090,reference
8500,5023-0006,G7900AA,reference
8514,HAH-020,SOL-0124,reference
8521,PP-460-1,SOL-0965,reference
8528,PPS-480X,AGMTD_193,reference
8535,HC-150-1,SOL-0139,reference
8542,EPA-1042-1,SOL-0197,reference
8549,CLP-342-1,SOL-0945,reference
8563,RCC-144,SOL-0045,reference
8570,CLP-151-1,AGMTD_184,reference
8577,PM-055-1,SOL-0585,reference
8591,5982-1511,12102005,reference
8598,HBM-440-1,SOL-1012,reference
8605,US-208-1,SOL-0850,reference
8619,G7585C,5190-4954,reference
8626,PST-2555A1000,SPST-2555,reference
8640,MISA-192-1,SOL-0120,reference
8647,RPE-019S-1,SRPE-019,reference
8654,ICP-334,ISOL-3408A,reference
8675,FLSA-104,SFLSA-104,reference
8689,8710-0979,5040-4667,reference
8696,G7580B,5190-4801,reference
8703,PP-361-1,SOL-1260,reference
8710,PST-2480-10MG,SOL-1453,reference
8724,RPC-119,SRPC-119,reference
8752,ICM-245B,AGMTD_49,reference
8780,PP-314-1,AGMTD_115,reference
8787,ICC-210,AGMTD_53,reference
8808,AMM-812-1,SOL-0268,reference
8815,ISM-530-1,SOL-0450,reference
8822,MKI-Z-0138,MKI-UTD-5106,reference
8829,SV-130-1,SOL-0049,reference
8836,IAA-222,ISOL-0776A,reference
8843,PST-2820-10MG,SOL-0742,reference
8850,CH-170M1000,SOL-0175,reference
8871,3101-3558,G2630-61750,reference
8878,ISM-452-1,SOL-0855,reference
8885,US-700003093-2,SOL-0645,reference
8913,TFP-26-1,SPST-1905,reference
8920,MV-V-391885303,391885303,reference
8934,IAA-024,ISOL-2431A,reference
8941,US-104N-1,SOL-0045,reference
8948,NPI-TEST-NPM-104A-1,SOL-0965,reference
8949,SVM-125-1,AGMTD_170,reference
8970,PP-373-1,SOL-1262,reference
8985,PST-2490K1000,SPST-2490,reference
8992,XY-0116-1,SOL-0259,reference
8999,RCC-197,SOL-0236,reference
9006,FRNH-068P,SOL-0500,reference
9013,PST-2620M1000,SOL-1071,reference
9020,PST-3160A1000,SOL-0939,reference
9027,PHM-500M-1,SOL-1054,reference
9034,GCM-160A-1,SOL-0400,reference
9062,5184-3570,G3188-27502,reference
9069,SMA-121-1,SOL-0653,reference
9083,8003-0570,6040-0289,reference
9097,0410105005,410105005,reference
9104,RPCM-200-1,SRPC-094,reference
9111,RAH-044,SOL-0183,reference
9118,PPS-604-1,SOL-2702,reference
9132,G2916-60900,G2916-69900,reference
9146,DWM-538-1,SOL-0057,reference
9153,PPM-665-1,SOL-0895,reference
9167,US-320-1,SOL-0845,reference
9174,RPC-033S,SRPC-033,reference
9181,EPA-1196-1,SOL-0044,reference
9188,WRK-140T,SFLSA-010,reference
9195,US-218-5ML,SOL-0340,reference
9210,PST-1470,SPST-1470,reference
9221,MV-V-392599501,392599501,reference
9228,US-420-1,SOL-0525,reference
9235,US-355-1,AGMTD_65,reference
9242,PST-3280A1000,SOL-1076,reference
9249,G7531F,5190-4809,reference
9256,QCM-120,SOL-0076,reference
9284,EPA-2101N-1,SOL-0815,reference
9291,PPM-521-1,SOL-0755,reference
9312,PAH-715-1,SOL-0515,reference
9326,PM-525B-1,SOL-0590,reference
9333,RPC-031,SRPC-031,reference
9340,IST-705A-1,AGMTHD_24,reference
9347,DWM-550-1,SOL-0263,reference
9361,NAIM-630-1,SOL-0180,reference
9368,PPM-170-1,SOL-0988,reference
9375,SCA-200-1,SOL-0793,reference
9382,G1316-68701,G1316-68731,reference
9389,PHM-640-1,SOL-0070,reference
9396,ICM-243,AGMTD_50,reference
9403,RAH-058,SOL-0496,reference
9410,G1311-69530,G1311-69540,reference
9417,PST-2685K1000,SPST-2685,reference
9438,CP8843,CP8843I,reference
9452,PPM-505E-1,AGMTD_63,reference
9459,SLM-401-1,SOL-0136,reference
9466,PPM-540-1,AGMTD_85,reference
9473,JTB-0005-1,SOL-0555,reference
9480,PST-5235A1000,SOL-2714,reference
9487,EPA-1003-1,SOL-0040,reference
9494,RHH-011,SRHH-011,reference
9501,PST-1295M100A01,SOL-0750,reference
9508,WRK-143N,SWRK-143N,reference
9529,G2581-60825,G2597-60825,reference
9550,NPM-620-1,SOL-0973,reference
9557,PST-3560-10MG,SOL-2349,reference
9564,LMPK-1,SRPC-006,reference
9578,USPM-467N-1,SOL-0244,reference
9592,G4200-80113,8010-0445,reference
9599,PM-006-1,SOL-0590,reference
9627,MV-V-PCG601660210,PCG601660210,reference
9634,EPA-1262-1,SOL-1251,reference
9641,EPA-1005-1,SOL-0042,reference
9662,GCM-152-1,AGMTD_129,reference
9669,WRK-130H,SFLSA-050,reference
9683,PST-3050A1000,SOL-1693,reference
9704,SMA-120-1,SOL-0268,reference
9711,WRK-120S,SFLMS-010,reference
9718,CR298713,8010-0217,reference
9725,PPM-509-1,SOL-0988,reference
9781,FLMS-024,SFLMS-024,reference
9788,PST-2155-10MG,SPST-2155,reference
9795,PST-3515K1000,SOL-1548,reference
9802,PST-3450-100MG,SOL-3053,reference
9816,ICM-203,ISOL-0432A,reference
9823,PM-035-1,SOL-0585,reference
9830,AMM-500-1,AGMTD_58,reference
9844,PST-2550-10MG,SPST-2550,reference
9858,EPA-1247-1,SOL-0143,reference
9872,IQC-111-5,SOL-1185A,reference
9879,US-445-1,SOL-0026,reference
9886,G3280-90007,G3280-90008,reference
9893,STM-410-1,AGMTD_144,reference
9900,ICP-133,ISOL-3308B,reference
9921,EPA-1191-1,SOL-0001,reference
9928,0101-1051,G1316-67006,reference
9935,NSM-815-1,SOL-0214,reference
9963,PPS-168-1,AGMTD_72,reference
9977,CR239787,8010-0241,reference
9984,ICP-139,ISOL-3908A,reference
9991,PST-6345-25MG,SOL-3864,reference
10005,NV-110-1,AGMTHD_92,reference
10019,PM-525-1,SOL-0538,reference
10026,G7562G,5190-4679,reference
10033,EPA-1236-1,SOL-0269,reference
10041,PST-6000-50MG,SOL-2724,reference
10048,TCLP-520N-1,SOL-0084,reference
10055,EPA-1193-1,SOL-0003,reference
10062,CLP-310-1,SOL-0535,reference
10069,EPA-1092-1,SOL-0571,reference
10083,ISM-510-1,SOL-0450,reference
10090,PST-1690-25MG,SOL-1002,reference
10097,PST-1955-100MG,SPST-1955,reference
10104,SVM-8271-1,SOL-0241,reference
10111,SAK-120-1,SOL-0264,reference
10118,MV-V-R007105622,R007105622,reference
10125,PST-582C100A01,SOL-0891,reference
10132,PST-271-50MG,SPST-271,reference
10146,ATS-182-1,SOL-0255,reference
10153,PST-2045K1000,SOL-1008,reference
10160,5067-4214,5067-4244,reference
10167,RAB-038,SRAB-038,reference
10174,SKS-100,SOL-0198,reference
10181,XY-0115-1,SOL-0196,reference
10195,ALD-554DA-1,SOL-1141,reference
10202,PST-140,SOL-0805,reference
10209,PST-4140-100MG,SOL-1040,reference
10223,PST-4760-10MG,SOL-3824,reference
10230,SVM-113-1,AGMTD_129,reference
10237,FLPK-004B,SFLSA-004,reference
10245,RGO-220,AGMTD_192,reference
10252,PST-1370-100MG,SOL-0782,reference
10259,1242TK-B1,AGMTD_78,reference
10266,EPA-1403-1,AGMTD_187,reference
10294,RHH-044,SOL-0010,reference
10322,PST-1845M100A01,AGMTD_91,reference
10329,RGO-613-1,AGMTD_245,reference
10336,PST-5035-10MG,SOL-2497,reference
10343,PST-1370A1000,SOL-0782,reference
10357,PH-160-1,SOL-0226,reference
10364,EPA-1226-1,AGMTD_187,reference
10385,EPA-2142N-1,SOL-0076,reference
10399,SKS-120,SOL-0660,reference
10406,EPA-1049-1,AGMTD_187,reference
10413,PST-1630-25MG,SOL-1828,reference
10427,CP8553,CP8553I,reference
10434,SG092039,8004-0109,reference
10441,PMX-160-1,SOL-0105,reference
10455,PST-3945-25MG,SOL-3964,reference
10476,J4100-61001C,G1369-60001,reference
10490,PPM-542-1,AGMTD_85,reference
10497,NH-320-1,AGMTHD_110,reference
10504,PAH-650-1,SOL-0571,reference
10511,PST-2270-10MG,SOL-0861,reference
10518,PPM-017-1,SOL-0929,reference
10525,NAI-155-1,AGMTD_170,reference
10539,G3591-80127,G3591-80035,reference
10546,PST-870M100A01,SOL-0992,reference
10560,392611943,8004-0168,reference
10574,FRNH-179J,SOL-0220,reference
10581,G6014A,G6014B,reference
10588,ICP-016,ISOL-0748BC,reference
10595,MV-V-391713401,391713401,reference
10602,CLP-350X,SOL-0245,reference
10609,NVM-8115-1,SOL-0099,reference
10630,PST-2830-10MG,SOL-1334,reference
10665,PST-3705-100MG,SOL-2274,reference
10672,RHH-008,AGMTD_187,reference
10686,QCM-243,SOL-1248,reference
10693,PST-4015-100MG,SOL-0735,reference
10700,5610101700,5610123600,reference
10714,PSM-101-M,SPST-2150,reference
10728,ICP-175-25,ISOL-7500A,reference
10742,CP743115,CP4250,reference
10756,05990-65410,05990-65412,reference
10763,X3511-64029,X3512-64016,reference
10777,NPI-TEST-NSM-800-1,SOL-0207,reference
10778,13-3606,14-3606,reference
10785,PST-6055-50MG,SOL-2963,reference
10792,ICC-007A,ISOL-1123A,reference
10799,DWM-705-1,SOL-0094,reference
10806,US-216-1,SOL-0340,reference
10813,190026432,5190-8207,reference
10820,AMM-501-1,AGMTD_58,reference
10834,EPA-1024-1,GAS-160,reference
10848,PMX-240-1,SOL-0275,reference
10855,STM-272-1,SOL-0310,reference
10862,NAIM-611-1,SOL-0115,reference
10869,US-700002341,SFLSA-031,reference
10876,RTP-2C,SOL-5060,reference
10883,FLPK-005K,SWRK-140F,reference
10890,PST-3595-100MG,SOL-2352,reference
10904,RAB-004K1000,AGMTD_60,reference
10918,US-243-1,SOL-0084,reference
10932,IMS-110,ISOL-0432A,reference
10946,HBM-420-1,SOL-1012,reference
10953,X3502-64002,X3509-64001,reference
10960,EPA-1058-1,SOL-0263,reference
10967,G7583B,5190-4944,reference
10981,X3502-64000,X3509-64000,reference
10988,PST-6110-100MG,SOL-2323,reference
10995,PST-300,SOL-0822,reference
11002,EPA-1211-1,AGMTD_187,reference
11016,PST-4545-100MG,SOL-1687,reference
11030,PST-6305A1000,SOL-2141,reference
11037,PM-811-1,SOL-0547,reference
11044,CP201946,5190-5082,reference
11051,PPM-525C-1,SOL-0715,reference
11058,US-415-1,SOL-0220,reference
11072,RPCM-230-1,SRPC-146,reference
11086,PST-1520I100A01,SOL-0921,reference
11107,STS-114-1,AGMTD_128,reference
11121,ICP-313,ISOL-1331B,reference
11128,TFP-30-1,SPST-2370,reference
11135,AMM-604-1,AGMTD_108,reference
11142,RPCM-523-1,SRPC-035,reference
11149,SYRCG250223,G6500-80102,reference
11156,PSM-105-K,SOL-4116,reference
11184,ICP-138-25,ISOL-3831B,reference
11191,SVM-525-1,SOL-0510,reference
11212,PST-3000-10MG,SOL-0852,reference
11233,HC-500-1,AGMTD_187,reference
11247,Test_PN_CSD_SM,AGMETH_334134,reference
11254,WRK-155M,SWRK-155M,reference
11261,RSC-105-1,SOL-0364,reference
11288,RGO-322-1,SOL-0677,reference
11302,PSM-105-H,SOL-1653,reference
11309,D471-D-1,SOL-0648,reference
11330,HC-120-1,SOL-0105,reference
11337,PST-6590-100MG,SOL-0228,reference
11358,KGCC-101,SFLSA-051,reference
11365,PAH-640-1,SOL-0571,reference
11372,WRK-140R,SFLSA-039,reference
11393,RPCBR-1M,SRPC-073,reference
11400,ATS-140-1,AGMTD_218,reference
11407,ISM-460-1,SOL-0342,reference
11414,NSM-810-1,SOL-0205,reference
11428,FLPK-005J,SFLSA-004,reference
11435,G1946-40163,G1946-20163,reference
11442,PST-2840A1000,SOL-0752,reference
11449,ICP-152-25,ISOL-5216,reference
11463,DWM-826-1,SOL-0062,reference
11470,PPM-543-1,AGMTD_85,reference
11477,NV-130-1,AGMTD_187,reference
11484,PST-090K1000,SOL-0739,reference
11491,UCMR-100-1,GAS-120,reference
11498,PST-220A100A01,SOL-0810,reference
11512,PST-3780A1000,SOL-1592,reference
11519,AX012473,AX012944,reference
11526,PHM-520M-1,SOL-1022,reference
11540,SMA-100-1,SOL-0268,reference
11554,5182-9618,5190-1491,reference
11561,625-MA-1,SOL-0110,reference
11575,FLM-005-1,SOL-0185,reference
11589,ISM-580-1,AGMTD_247,reference
11596,DWM-650-1,SOL-0140,reference
11603,US-213-1,SOL-0205,reference
11624,G5667-60503,G5667-81001,reference
11631,LCS-6917-2,SOL-0014,reference
11645,HC-400-1,SOL-0094,reference
11652,5182-9632,5190-1518,reference
11659,RPC-020S,SRPC-020,reference
11666,2869402801,5180-4115,reference
11673,RNA-030,SOL-0683,reference
11687,PST-1110M100A01,SPST-1110,reference
11694,G7550E,5190-4642,reference
11716,NPI-TEST-ICM-453,ISOL-3308B,reference
11731,US-375-1,SOL-0709,reference
11738,PPM-505D-1,SOL-0175,reference
11759,SVM-123-1,SOL-0555,reference
11766,RHH-018,AGMTD_187,reference
11773,BTX-3000-1,AGMTD_196,reference
11801,PST-3260M1000,SOL-1588,reference
11815,TFP-05-1,SOL-1011,reference
11822,PST-5915-10MG,SOL-2038,reference
11829,CLP-284-1,SRPC-060,reference
11836,G1314-60087,G1314-60187,reference
11843,WRK-101C,SOL-0662,reference
11886,G7129-60210,G7129-68210,reference
11893,PMX-230-1,SOL-0147,reference
11900,190026411,5190-8374,reference
11921,PST-3235Q1000,SOL-1499,reference
11935,ICP-172-25,ISOL-7200B,reference
11956,US-345-1,AGMTD_69,reference
11970,PST-3070-10MG,SOL-0893,reference
11977,DWM-570-1,SOL-0263,reference
11984,SVM-110-1,SOL-0590,reference
11991,ICC-320,AGMTD_52,reference
11998,AMM-603-1,SOL-0040,reference
12005,DWM-524X-1,SOL-0176,reference
12019,14-3916-024,5183-4741,reference
12033,PST-3500-50MG,SOL-2233,reference
12040,PST-2705-10MG,SOL-1013,reference
12054,FLBA-043,SFLBA-043,reference
12061,G3591-80076,G3591-82000,reference
12068,PST-2170A1000,SOL-0807,reference
12076,G1969-60177,G2581-60177,reference
12083,TFP-01-A,SOL-2630,reference
12090,ICP-480,ISOL-8031A,reference
12104,PST-1180,SOL-0930,reference
12107,SPM-854-1,SOL-0766,reference
12118,PP-342-1,AGMTD_157,reference
12125,PST-3360K1000,SOL-2344,reference
12139,PST-880M100A01,SOL-0979,reference
12146,PST-1755M1000,SOL-0695,reference
12167,RPC-129S,SRPC-129,reference
12181,HCM-605-1,SOL-0196,reference
12188,US-102BN-1,SOL-0810,reference
12223,G7161-60035,G7161-60042,reference
12230,PST-3485K1000,SOL-3070,reference
12244,ICP-031,ISOL-3100A,reference
12251,CLP-102-1,SOL-0058,reference
12258,HBM-520M-1,SOL-1025,reference
12265,PST-3230K1000,SOL-1430,reference
12279,PST-2615K1000,SOL-1087,reference
12296,1254TK-1,SOL-1254,reference
12303,PANAL0216-6,AGMTD_29,reference
12310,IAA-040,ISOL-4000B,reference
12317,0410103101,410103101,reference
12332,MV-V-391714300,391714300,reference
12339,5183-4550,5190-1535,reference
12346,CLP-300N-1,SOL-0535,reference
12353,PST-2045A100A01,SOL-1008,reference
12395,NPI-TEST-LMPK-1,SOL-1242,reference
12396,IST-720-1,AGMTD_197,reference
12417,HPCK-2C,AGMTHD_98,reference
12424,FLSA-049,SFLSA-049,reference
12431,RCC-016,SOL-0212,reference
12438,G1960-61010,G1960-61000,reference
12452,PANAL0218-4,AGMTD_12,reference
12501,RPC-001,SRPC-001,reference
12508,FRSP-180H,SOL-0820,reference
12522,G1099-69106,G3170-69750,reference
12536,699775-932,699775-922,reference
12550,WRK-130S,SWRK-130S,reference
12578,EPA-1402-1,AGMTD_187,reference
12592,RPC-152S,SRPC-152,reference
12606,PST-1620M100A01,SOL-0961,reference
12613,PM-030-1,SOL-0590,reference
12620,RGO-612-1,AGMTD_245,reference
12634,IMS-104,AGMTHD_127,reference
12641,EPA-1225-1,AGMTD_187,reference
12648,PST-6040-10MG,SOL-2338,reference
12655,PST-1525M100A01,SOL-0920,reference
12662,AMM-622-1,SOL-0104,reference
12669,PPM-534-1,AGMTD_85,reference
12676,SGR,MSR-1,reference
12690,AX012662,AX012943,reference
12711,EPA-1145-1,SOL-0205,reference
12739,RPC-101S,SRPC-101,reference
12746,DWM-675-1,SOL-0186,reference
12753,CP201947,5190-5083,reference
12767,PST-005-25MG,SOL-0710,reference
12809,ICP-024,ISOL-2431A,reference
12830,STM-245-1,SOL-0420,reference
12844,G2258-60011,G2258-60111,reference
12851,99778700,5040-4667,reference
12865,PST-840M100A01,SOL-0973,reference
12872,PPM-130-1,SOL-0715,reference
12879,IMS-100,AGMTHD_127,reference
12886,STS-170-1,SOL-0430,reference
12901,PST-010M1000,SOL-0700,reference
12908,WRK-190E,SWRK-190E,reference
12915,5982-4135,12102048,reference
12936,ISM-523-1,SOL-0332,reference
12943,PST-6050-10MG,SOL-2740,reference
12950,ICM-413,ISOL-8231A,reference
12964,CLP-252-1,SOL-0291,reference
12985,190026426,5190-8432,reference
12992,G1314-69525,G1314-69526,reference
12999,FLSA-117,SFLSA-117,reference
13006,PST-1780,SOL-0884,reference
13013,5043-0232,5043-1190,reference
13041,US-100N-1,SOL-0148,reference
13055,WRK-142R,SWRK-142R,reference
13062,HC-470-1,SOL-0194,reference
13069,PPS-455-1,AGMTD_187,reference
13076,G3591-80041,G3591-80001,reference
13090,PL1149-6810,PL1120-6520,reference
13104,SCA-301-1,SOL-0650,reference
13111,RBF-102S,SRBF-102,reference
13125,NAIM-240-1,SOL-4438,reference
13139,PST-5920-10MG,SOL-1759,reference
13146,A6403,9301-6476,reference
13153,PST-5815-10MG,SOL-1888,reference
13160,ICP-124-25,ISOL-2431A,reference
13181,RAB-015,AGMTD_169,reference
13188,RGO-270,AGMTD_44,reference
13195,PH-100-1,SOL-0060,reference
13202,DWM-635-1,SOL-0286,reference
13209,ICP-103,ISOL-0330A,reference
13216,FRCK-014E,SOL-0258,reference
13223,PM-060-1,SOL-0590,reference
13230,5185-5834,5190-5267,reference
13237,G2437-60155,G2437-67155,reference
13244,ICP-040,ISOL-4000B,reference
13279,SPM-622A-1,SOL-0960,reference
13286,5982-3136,12105024,reference
13293,ICP-046,ISOL-4600A,reference
13300,CLP-226E-1,SOL-0700,reference
13316,TFP-11-1,SOL-0746,reference
13337,RHH-002,SOL-0051,reference
13351,RPC-001S,SRPC-001,reference
13358,ICP-166-25,ISOL-6608A,reference
13386,NPI-TEST-CLP-300N-1,SOL-0115,reference
13401,PST-1840A100A01,SOL-0987,reference
13408,G3591-80042,G3591-80002,reference
13429,ICP-011-L,ISOL-1131D,reference
13436,PST-6900A1000,SOL-3809,reference
13485,TRP-155-1,SOL-4322,reference
13492,QCM-212,SOL-0710,reference
13499,5067-4108,5067-4107,reference
13506,PSM-101-A,SOL-0988,reference
13520,PSM-806-1,SOL-0101,reference
13527,HCM-600-1,SOL-0287,reference
13534,PST-3175K100A01,SOL-0962,reference
13541,99766808,CP4774,reference
13555,PP-301-1,SOL-1232,reference
13569,PST-140A100A01,SOL-0805,reference
13576,G7530A,5190-4806,reference
13583,US-134-1,SOL-0181,reference
13597,SYRCHS1235HT,G6500-80107,reference
13604,RCP-044,SOL-0382,reference
13611,CLP-411-1,SOL-0226,reference
13625,5185-5837,5190-5085,reference
13632,PHM-844-1,AGMTD_151,reference
13646,5182-9710,5190-1530,reference
13653,STM-262-50,SOL-0320,reference
13660,RPCM-525-1,SRPC-006,reference
13667,PST-2690M1000,SOL-0904,reference
13681,RPC-171S,SRPC-171,reference
13688,G7532Q,5190-4818,reference
13695,PST-2290-10MG,SPST-2290,reference
13709,PPM-537-1,SOL-0955,reference
13730,MV-V-2267842900,2267842900,reference
13758,EPA-1118-1,SOL-0146,reference
13793,US-290-1,SOL-0046,reference
13800,US-700002648-1,ISOL-1110,reference
13821,G1312-68724,5067-4679,reference
13849,CFC-145-1,SCFC-140,reference
13856,RPC-120S,SRPC-120,reference
13864,PP-291-1,SOL-1221,reference
13878,PST-6115K1000,SOL-3074,reference
13900,PSM-105-I,SOL-2355,reference
13907,G2505-80045,G2505-80046,reference
13914,EPA-2037N-1,SOL-0113,reference
13928,PST-1710,SOL-0983,reference
13935,ICP-151,ISOL-5100B,reference
13942,PST-6815-10MG,SOL-1804,reference
13970,HC-020-1,SOL-0048,reference
13977,ICP-157,ISOL-5700A,reference
13991,RPC-068AS,SRPC-068,reference
13998,SKS-111,SOL-0676,reference
14005,IST-250-1,AGMTHD_71,reference
14019,NPI-TEST-CLP-120-1,SOL-0058,reference
14027,RPC-131AS,SRPC-131,reference
14034,G5667-60502,G5667-81000,reference
14041,US-700002648-7,SOL-1377,reference
14048,NAI-170-1,SOL-0252,reference
14055,US-205-1,SOL-0027,reference
14062,G2571-61035,G2571-65035,reference
14083,ICP-069-25,ISOL-6902A,reference
14104,RPE-043S-1,SRPE-043,reference
14132,TFP-13-1,SOL-0879,reference
14139,TFP-32-1,SPST-820,reference
14146,FRCS-156F,SFRCS-156F,reference
14153,0101-1419,G1316-67009,reference
14188,PST-2605K1000,SOL-1073,reference
14195,PPS-170-1,SOL-0414,reference
14230,RGO-422-1,SOL-1235,reference
14237,PST-560K1000,AGMTD_123,reference
14244,IST-151-1,SOL-0408,reference
14258,SVM-250-1,SOL-0245,reference
14265,ISM-309-1,SOL-0330,reference
14272,RPCBR-1F,SRPC-087,reference
14279,CR212103,8010-0306,reference
14293,G1314-60086,G1314-60186,reference
14300,RPC-135AS,SRPC-135,reference
14307,PST-3475A1000,SOL-3774,reference
14321,HB-101-1,SOL-1025,reference
14335,PST-3385K1000,SOL-1824,reference
14340,PST-1495-10MG,SOL-2550,reference
14347,HBM-531-1,SOL-0695,reference
14368,RPC-052S,SRPC-052,reference
14389,PST-1535A100A01,SOL-0923,reference
14417,ISM-335N-1,SOL-0255,reference
14445,HCM-615-1,SOL-0196,reference
14452,RCC-077,SOL-0206,reference
14459,190026403,5190-8356,reference
14466,5188-6474,CP17973,reference
14480,PST-3145A1000,SOL-1560,reference
14487,PST-1340A1000,SOL-0760,reference
14494,RGO-603-1,SOL-1114,reference
14501,G1099-90009,G1099-90027,reference
14508,5982-9307,12131020,reference
14522,SVM-124-1,SOL-0055,reference
14543,RPC-103,SRPC-103,reference
14550,CLP-216C-1,SOL-0880,reference
14557,IST-480-1,SOL-0635,reference
14564,D471-A-1,SOL-0275,reference
14571,CR320950,5190-3189,reference
14585,AMM-802-1,SOL-0268,reference
14592,WRK-104O,SWRK-104O,reference
14606,AMN-803-1,AGMTD_110,reference
14613,CLP-154-1,SOL-0057,reference
14620,RAH-001,SOL-0535,reference
14627,PST-2830-50MG,SOL-1334,reference
14634,RPC-060AS,SRPC-060,reference
14641,SG001953,8003-0003,reference
14648,G1330-60030,G1330-60040,reference
14662,ICP-179,ISOL-7900B,reference
14669,ICC-310,AGMTD_53,reference
14676,190010204,8010-0131,reference
14683,PST-3215K1000,SOL-1309,reference
14690,SMA-101-1,SOL-0653,reference
14697,WRK-180E,SWRK-180E,reference
14704,ISM-750-1,SOL-1724,reference
14718,RPC-024,SRPC-024,reference
14732,G7200-90210,G7200-90211,reference
14746,DWM-594-1,SOL-0267,reference
14753,PPM-838-1,AGMTD_156,reference
14760,PST-005,SOL-0710,reference
14767,RPC-062AS,SRPC-062,reference
14774,PST-3735A1000,SOL-1826,reference
14781,FLSA-017,SFLSA-017,reference
14802,US-212-1,SOL-0750,reference
14816,5063-5226,3162-1056,reference
14830,PST-930B200,SOL-1005,reference
14837,EPA-1060-1,AGMTD_187,reference
14858,SMA-111-1,SOL-0653,reference
14865,DWM-710-1,SOL-0057,reference
14886,PST-3570-100MG,SOL-2328,reference
14900,G3433-63000,G3433-63100,reference
14943,X3511-64014,X3501-64016,reference
14950,1400-0141,1400-0141,reference
14957,G7129-60220,G7129-68210,reference
14978,NPM-104A-1,SOL-0715,reference
14985,PST-1020-10MG,SPST-1020,reference
14992,ICP-324A,ISOL-0724,reference
15006,MV-V-391867600,391867600,reference
15027,PST-1750A1000,SPST-1750,reference
15041,NAIM-833B-1,SOL-0003,reference
15055,PST-5095-100MG,SOL-1964,reference
15062,RPC-066AS,SRPC-066,reference
15083,NPI-TEST-PAH-615-1,SOL-0585,reference
15119,G1367-69510,G1367-69520,reference
15133,PST-070,SPST-070,reference
15154,US-207-1,SOL-0220,reference
15161,RPE-037S-1,AGMTD_171,reference
15175,A151IS,A151,reference
15182,PST-540,SOL-0882,reference
15196,5067-1595,5067-6220,reference
15210,PST-2845-10MG,SOL-0799,reference
15217,RTP-005,SRTP-005,reference
15238,WRK-100Q,SFLHC-065,reference
15259,US-220-1,SOL-0115,reference
15273,G4800-60100,G4800-60101,reference
15280,PST-4000M1000,SOL-0705,reference
15287,PANAL0215-6,AGMTD_29,reference
15294,RPCM-525B-1,SRPC-006,reference
15329,RBF-085S,SRBF-085,reference
15336,PST-1660K1000,SOL-0916,reference
15343,RPC-133AS,SRPC-133,reference
15379,CLP-159-1,SOL-0063,reference
15386,SLM-400-1,AGMTD_188,reference
15400,PST-581,SOL-0885,reference
15428,ISM-311-1,SOL-0314,reference
15435,FLSA-001,SOL-0347,reference
15442,QCM-105,SOL-0260,reference
15456,PST-1995-100MG,SOL-1161,reference
15477,DWM-560-1,SOL-0104,reference
15484,IMS-111,AGMTD_51,reference
15491,5043-0236,5043-1196,reference
15498,ISM-563-1,SOL-0318,reference
15512,IST-701-1,AGMTHD_101,reference
15519,PSM-525-1,SOL-0245,reference
15526,XY-0108-1,SOL-0227,reference
15554,ICC-759-2,AGMTD_52,reference
15561,PST-1425M100A01,SOL-0867,reference
15568,PPM-506-1,SOL-0895,reference
15575,ICC-001,AGMTD_52,reference
15610,EPA-1137-1,AGMTD_187,reference
15624,RPCM-210-1,SRPC-149,reference
15666,RCB-018,SRCB-018,reference
15673,RPE-045M-1,AGMTD_171,reference
15680,PPM-625B-1,SOL-0870,reference
15687,HCM-548-1,SOL-0033,reference
15694,PST-480-250MG,SOL-0755,reference
15708,ICP-181-25,ISOL-8131B,reference
15722,NPM-102-1,SOL-0866,reference
15729,HCM-540-1,SOL-0905,reference
15743,B-120-1,AGMTD_239,reference
15764,PST-6300-10MG,SOL-3772,reference
15771,1254TK-A2,SOL-1254,reference
15792,G3591-81145,G3591-81085,reference
15799,X3511-64013,X3512-64016,reference
15813,PPM-500-1,SOL-2676,reference
15820,PST-421K100A01,SOL-0850,reference
15841,PPS-165-1,AGMTD_163,reference
15855,PST-2050A1000,SOL-1011,reference
15862,STM-460-1,AGMTD_58,reference
15883,G2505-80086,G2505-80088,reference
15890,WRK-100F,SOL-0655,reference
15897,ISM-450-1,AGMTHD_110,reference
15911,PST-1210,SOL-0694,reference
15918,GCM-151-1,SOL-0400,reference
15925,TFP-28-1,AGMTD_251,reference
15960,G4556-80115,G4556-80105,reference
15967,PPM-524-1,SOL-2235,reference
15974,PMX-215-1,SOL-0287,reference
15988,HCM-610-1,SOL-0287,reference
15995,PST-1830M1000,SOL-0986,reference
16002,RGO-303-1,AGMTD_192,reference
16009,RNA-016,SRNA-016,reference
16016,HC-390-1,AGMTD_187,reference
16037,EPA-1051-1,SOL-0258,reference
16044,US-113N-1,SOL-0205,reference
16051,PST-2410-100MG,SOL-0848,reference
16058,RPC-084S,SRPC-084,reference
16079,WRK-120J,SWRK-120J,reference
16086,PST-3375K100A01,SOL-1731,reference
16100,PST-4085-10MG,SOL-1022,reference
16107,NAI-200-1,AGMTHD_110,reference
16114,ISM-529-1,SOL-1860,reference
16121,HB-191-1,SOL-1050,reference
16142,G7536F,5190-4839,reference
16149,PANAL0212-2,SOL-1649,reference
16156,PST-1935M1000,SPST-1935,reference
16163,MV-V-CR211400,CR211400,reference
16170,NAI-175-1,SOL-1208,reference
16177,1248TK-1,AGMTD_78,reference
16184,GMT-2-HP,5182-9211,reference
16198,PST-241M100A01,SPST-241,reference
16226,CLP-216D-1,SOL-0815,reference
16240,PST-2555-10MG,SPST-2555,reference
16247,FLPK-001F,SFLSA-089,reference
16268,PST-2165A1000,SOL-0808,reference
16275,ICP-024-25,ISOL-2431A,reference
16282,PST-2100-10MG,SOL-0771,reference
16296,EPA-1122-1,AGMTD_187,reference
16303,PST-2295A1000,SPST-2295,reference
16317,PP-340-1,AGMTD_115,reference
16324,NAIM-529-D,SOL-0002,reference
16345,NPI-TEST-GCM-140-1,SOL-0245,reference
16353,XY-0110-1,SOL-0070,reference
16367,5182-9667,5190-1504,reference
16374,PST-460,SOL-0146,reference
16381,CLP-242-1,SOL-0820,reference
16386,RPCM-525A-1,SRPC-012,reference
16400,PM-007-1,SOL-0570,reference
16407,AMN-623-1,AGMTD_147,reference
16421,QCI-716,ISOL-1117,reference
16435,TFP-16-1,SOL-1595,reference
16442,FLPK-003D,SFLSA-038,reference
16456,ICM-213,AGMTD_49,reference
16470,AM-290-1,AGMTD_180,reference
16484,CH-170-1,SOL-0175,reference
16505,DMP-015,SOL-0101,reference
16519,RCC-205,SOL-0030,reference
16526,ICP-004,ISOL-0432A,reference
16540,PST-3775-10MG,SOL-2735,reference
16554,IMM-003,ISOL-1231F,reference
16568,PST-3400A1000,SOL-1874,reference
16603,RPC-046S,SRPC-046,reference
16645,PST-4465-10MG,SOL-2656,reference
16652,CP7673,CP7673I,reference
16674,PST-3195-10MG,SOL-1563,reference
16688,8500-5441,5188-5348,reference
16695,190026415,5190-8402,reference
16702,PST-3820K1000,SOL-2353,reference
16716,RPC-071AS,SRPC-071,reference
16730,FLSA-072,SFLSA-072,reference
16744,PST-2090A100A01,SOL-0717,reference
16751,PPM-508D-1,SOL-0786,reference
16772,PST-280A1000,SOL-0815,reference
16786,CP23086,880952-703,reference
16814,5982-1432,12102027,reference
16828,HBM-541-1,SOL-0830,reference
16835,EPA-1154-1,SOL-0525,reference
16842,CP7668,CP7668I,reference
16863,RPC-073AS,SRPC-073,reference
16870,PM-611-1,SOL-0590,reference
16877,FLSA-021,SFLSA-021,reference
16899,MV-V-392538500,392538500,reference
16913,WRK-120L,SFLMS-001,reference
16927,ICC-005,AGMTD_180,reference
16934,1260TK-B,AGMTD_78,reference
16941,USPM-467M-1,AGMTD_195,reference
16962,EPA-1150-1,SOL-0241,reference
16969,TCLP-540M-1,SOL-1025,reference
16976,PST-1620-50MG,SOL-0961,reference
16983,IQC-007,ISOL-5631A,reference
16990,WRK-190O,SOL-2307,reference
16997,RPE-065M-1,SRPE-017,reference
17011,ISM-454-1,AGMTHD_57,reference
17018,PPM-120-1,SOL-0977,reference
17025,GCS-120-1,SOL-0245,reference
17032,PST-1030,SOL-0980,reference
17039,ISM-332-1,SOL-0422,reference
17046,PST-4185-10MG,SOL-1059,reference
17060,RHH-016,SOL-0256,reference
17074,ICP-111-L,ISOL-1131D,reference
17081,HBM-513-1,AGMTD_71,reference
17102,RPC-077AS,SRPC-077,reference
17109,NPM-531-1,AGMTHD_43,reference
17123,ICP-077-25,ISOL-7717B,reference
17130,ICP-024A-25,ISOL-0724A,reference
17144,PST-3015K100A01,SOL-0868,reference
17151,G1311-66530,G1311-66540,reference
17158,STS-210-1,SOL-0316,reference
17165,DWM-529-1,SOL-0165,reference
17193,ICM-611,AGMTD_107,reference
17207,AX012471,AX012943,reference
17221,WRK-101Q,SRNA-016,reference
17228,PST-5535-10MG,SOL-2180,reference
17256,PST-530M1000,AGMTD_123,reference
17263,NAI-110-1,AGMTHD_116,reference
17270,G3170-60050,G7005-60061,reference
17284,WRK-101I,SOL-0684,reference
17291,5042-1370,5190-5122,reference
17298,PST-3695A1000,SOL-3654,reference
17305,EPA-1162-1,AGMTD_187,reference
17312,PST-1225,SOL-0727,reference
17319,8010-0022,9301-1377,reference
17340,STS-201-1,AGMTD_128,reference
17347,HBM-543-1,SOL-0801,reference
17354,PST-171-100MG,SOL-1026,reference
17396,RPC-144AS,SRPC-144,reference
17442,PPS-261-1,AGMTD_96,reference
17449,RAH-085,SRAH-085,reference
17456,190049491,9910126100,reference
17470,FLPK-001A,SFLSA-062,reference
17477,US-117N-1,SOL-0084,reference
17491,IMS-105,AGMTHD_127,reference
17498,US-280-5ML,SOL-0244,reference
17505,IAA-241,ISOL-4100A,reference
17512,NAIM-8095A-1,AGMTHD_101,reference
17519,PST-2425K1000,SPST-2425,reference
17533,DWM-504N-1,AGMTD_142,reference
17540,PST-1590K1000,SOL-0952,reference
17547,RPC-200AS,SRPC-200,reference
17554,PST-1415-50MG,SOL-0831,reference
17561,G8000-64004,G8001-64004,reference
17568,PST-320-10MG,SOL-0779,reference
17575,FRCS-156L,SFRCS-156L,reference
17596,PP-440A-1,SOL-0915,reference
17603,ISM-564-1,SOL-0326,reference
17617,PST-3765-10MG,SOL-3672,reference
17624,MV-V-R007105651,R007105651,reference
17638,ICP-114-L,ISOL-0768A,reference
17645,AM-180-1,SOL-0018,reference
17666,RT209012145,8004-0160,reference
17673,PST-1950K1000,SPST-1950,reference
17680,RPC-139AS,SRPC-139,reference
17687,NAI-275-1,AGMTD_159,reference
17694,PST-1180B2000,AGMTD_125,reference
17701,NV-170-1,AGMTD_187,reference
17722,BTX-100-1,AGMTD_208,reference
17729,FRCS-156N,SFRCS-156N,reference
17736,SWA-101-1,SOL-0267,reference
17750,PM-040-1,SOL-0590,reference
17764,PST-2360A100A01,SOL-0897,reference
17778,IMS-101,AGMTHD_127,reference
17785,UST-200-1,SOL-0662,reference
17806,NPI-TEST-HBM-8153A-1,SOL-0801,reference
17814,CLP-303-1,SOL-0265,reference
17821,RPC-204AS,SRPC-204,reference
17828,14-5307-020TMR,14-5307-120,reference
17835,FRSP-180A,SOL-0700,reference
17842,PPM-527B-1,SOL-0755,reference
17849,RPC-014S,SRPC-014,reference
17877,WRK-105R,SWRK-105R,reference
17891,CLP-216E-1,SOL-0291,reference
17906,PSM-101-E,SOL-0990,reference
17927,RPC-206AS,SRPC-206,reference
17948,SVM-160-1,SOL-0151,reference
17955,PST-2030A1000,SPST-2030,reference
17962,FRCS-156R,SFRCS-156R,reference
17983,PHM-506M-1,SOL-1054,reference
17997,392598902,8010-0217,reference
18004,PST-2100-100MG,SOL-0771,reference
18011,G1311-69701,G1311-67701,reference
18018,PST-2670M100A01,SPST-2670,reference
18032,RPC-060,SRPC-060,reference
18039,190064500,5190-8343,reference
18053,PST-1030M100A01,SOL-0980,reference
18067,PPM-140-1,SOL-0715,reference
18081,PANAL0221-2,SOL-1783,reference
18102,PST-1995M1000,SOL-1161,reference
18116,NAIM-100-1,SOL-0174,reference
18144,CLP-320-1,SOL-0227,reference
18151,RAB-005,AGMTD_169,reference
18166,PST-3130-10MG,SOL-0912,reference
18173,EPA-1188-1,SOL-0934,reference
18180,X3500-64010,X3506-64002,reference
18187,STX-120-1,SOL-0660,reference
18194,BEC-140-1,AGMTD_187,reference
18201,RBA-001,SRBA-001,reference
18215,STS-190-1,AGMTD_106,reference
18222,RPC-184S,SRPC-184,reference
18229,ICC-200,ISOL-1109E,reference
18236,IST-120-1,AGMTHD_71,reference
18243,NAIM-529-C,SOL-0112,reference
18250,TFP-19-1,SOL-2235,reference
18257,US-365-1,SOL-0982,reference
18264,SG073302,G3188-27503,reference
18285,PST-1940-100MG,SOL-1406,reference
18292,SPA-100-1,SOL-0268,reference
18320,TFP-04-1,SOL-0759,reference
18327,PST-280A100A01,SOL-0815,reference
18348,RAB-023,SOL-1229,reference
18355,190026410,5190-8372,reference
18362,MISA-231-1,SOL-0229,reference
18376,05890-60940,05890-60945,reference
18390,DWM-735-1,SOL-0260,reference
18397,IAA-050,ISOL-0750A,reference
18404,RPC-133S,SRPC-133,reference
18411,CFC-300-1,GAS-134A,reference
18418,PST-1725M100A01,SOL-0768,reference
18425,HC-210-1,SOL-0098,reference
18443,NPI-TEST-NAIM-610-1,SOL-0115,reference
18444,5075-0401,5075-0691,reference
18451,G1531-60710,G1531-60715,reference
18479,RPC-099,SRPC-099,reference
18493,PANAL0213-6,AGMTD_29,reference
18522,NH-315-1,AGMTD_170,reference
18529,EPA-1372-1,SOL-1262,reference
18536,PST-3020A1000,SOL-1512,reference
18543,MV-V-391714600,391714600,reference
18550,ISM-380-1,AGMTHD_20,reference
18557,ISM-390-1,SOL-0123,reference
18564,NPI-TEST-ISM-765A-1,SOL-0402,reference
18572,PST-2470A1000,SOL-1478,reference
18579,ICC-033-5,ISOL-1130H,reference
18586,PST-501A100A01,SOL-0860,reference
18593,IST-500-1,SOL-0497,reference
18607,RPC-137AS,SRPC-137,reference
18614,US-209-1,SOL-0070,reference
18621,ISM-336XC,SOL-0422,reference
18628,RPC-017,SRPC-017,reference
18635,HCM-590-1,SOL-0905,reference
18656,PST-2600M100A01,SOL-1504,reference
18663,PPM-528-1,SRPE-080,reference
18684,102365-100,103334-100,reference
18705,QCM-140,SOL-0267,reference
18719,EPA-1089-1,AGMTD_187,reference
18726,FRNH-179B,SRCA-001,reference
18740,X3500-64007,X3506-64002,reference
18754,EPA-1007-1,AGMTD_187,reference
18761,RPC-202AS,SRPC-202,reference
18768,G1316-69530,G1316-66535,reference
18783,ISM-513-1,SOL-0332,reference
18790,PST-770K1000,SOL-0242,reference
18797,US-340-1,SOL-0942,reference
18804,RPC-065S,SRPC-065,reference
18811,NPM-633-1,SOL-0889,reference
18818,PANAL0222-5,SOL-1716,reference
18825,P-730-1,SOL-0560,reference
18832,12213046,12213047,reference
18839,NPI-TEST-GCM-153-1,SOL-0815,reference
18840,ICP-456,ISOL-5631A,reference
18868,CLP-281-1,SOL-1016,reference
18875,PHM-505M-1,SOL-1054,reference
18896,EPA-1136-1,SOL-0210,reference
18903,5015-0167,5015-0153,reference
18910,PST-1905M100A01,SPST-1905,reference
18924,PHM-595M-1,SOL-1056,reference
18938,DWM-584-1,AGMTD_58,reference
18945,PST-6210-10MG,SOL-4567,reference
18973,PPM-523-1,SPST-1900,reference
18980,ISM-281-1,AGMTHD_71,reference
19001,PM-050-1,SOL-0590,reference
19022,HBM-505-1,SOL-0800,reference
19029,PST-3740A1000,SOL-3657,reference
19036,ISM-520-1,AGMTHD_21,reference
19057,D471-I-1,SOL-0260,reference
19064,HC-260-1,AGMTD_187,reference
19099,ICP-169-25,ISOL-6902A,reference
19120,FLSA-040,SFLSA-040,reference
19141,1610126900,0100-1705,reference
19169,RCP-015,SRCP-015,reference
19190,PPM-110-1,AGMTD_170,reference
19197,RPC-208AS,SRPC-208,reference
19218,ISM-295-1,SOL-0255,reference
19233,PST-2180M1000,SOL-1276,reference
19254,RPC-220S,SRPC-220,reference
19261,G1311-66520,G1311-66540,reference
19275,99766804,CP4787,reference
19282,PST-430,SOL-0113,reference
19303,HCM-625-1,SOL-0137,reference
19317,RGO-260,SOL-2199,reference
19359,G7537D,5190-4897,reference
19366,ICP-014-25,ISOL-0768A,reference
19373,MV-V-392541201,392541201,reference
19387,MV-V-393302001,393302001,reference
19401,0410105040,410105040,reference
19408,R.19.2-1111,AGMTHD_129,reference
19429,DWM-537-1,SCFC-110,reference
19443,PST-3355-10MG,SOL-1821,reference
19450,5982-3113,12105021,reference
19460,FRNH-179A,SOL-0029,reference
19474,PST-1740,SOL-0988,reference
19488,PANAL0214-6,AGMTD_29,reference
19495,ICP-190,ISOL-9000B,reference
19502,RHH-023,SOL-0260,reference
19537,ICM-202,ISOL-8131B,reference
19544,RCC-307-10MG,AGMTD_100,reference
19579,PANAL0212-6,AGMTD_29,reference
19586,PST-1345A100A01,SOL-0761,reference
19593,PST-1820-10MG,SOL-0978,reference
19628,PST-1850,SOL-0876,reference
19642,IAA-004,ISOL-0432A,reference
19656,PPM-536-1,AGMTD_85,reference
19663,NPM-110-1,SOL-0867,reference
19670,US-700002391-5,SOL-1376,reference
19691,PST-400A100A01,SOL-0845,reference
19719,RGO-333-1,SOL-2697,reference
19733,CLP-100N-1,SOL-0275,reference
19775,CHM-612-1,SOL-0265,reference
19789,PST-1850W1000,SOL-0876,reference
19803,FRCK-010I,SFRCK-010I,reference
19810,BTX-2000N,SOL-0266,reference
19824,FLPK-003P,SFLSA-057,reference
19831,PPM-515M-1,SOL-0414,reference
19838,CLP-400N-1,SOL-0245,reference
19845,MV-V-390607401,390607401,reference
19852,PALHS1000UL23G,8010-0363,reference
19866,PSM-105-N,SOL-1824,reference
19887,EPA-1168-1,SOL-0999,reference
19901,IMS-102,AGMTHD_127,reference
19950,PST-503,SOL-0870,reference
19957,PST-010I100A01,SOL-0700,reference
19978,US-216-5ML,AGMTD_170,reference
19992,PST-480M1000,SOL-0755,reference
20013,PST-2295-10MG,SPST-2295,reference
20020,XY-0112-1,SOL-0227,reference
20027,RGO-616-1,SOL-1124,reference
20076,RGO-722-1,SOL-1345,reference
20083,RPC-155,SRPC-155,reference
20090,ICM-245-KIT,AGMTD_49,reference
20097,US-211-1,SOL-0251,reference
20111,RCN-003,SOL-0055,reference
20118,STM-255-1,SOL-0420,reference
20132,DWM-605-1,SOL-2513,reference
20139,PST-3620A1000,SOL-1931,reference
20174,CB-684-1,SRPC-048,reference
20181,PPM-553-1,SOL-0988,reference
20209,TFP-22-1,SOL-0788,reference
20216,8200203301,5190-8297,reference
20223,IDP3B31,IDP3B21,reference
20244,RAB-008,SRAB-008,reference
20251,G7535A,5190-4836,reference
20258,IST-140-1,SOL-0414,reference
20286,ICP-012-L,ISOL-1231D,reference
20294,G6578-60510,G6578-60013,reference
20301,5067-1596,5067-4290,reference
20308,123-BD01,AGMETH_272490,reference
20316,PHM-507M-1,SOL-1054,reference
20351,G1330-68703,G1330-68723,reference
20372,NS-100-1,SOL-0213,reference
20386,FLMS-018,SFLMS-018,reference
20393,PST-3930A1000,SOL-3885,reference
20407,1248TK-B1,AGMTD_78,reference
20414,PP-382-1,AGMTD_157,reference
20421,US-215-1,SOL-0255,reference
20428,ICM-433,ISOL-8231A,reference
20435,NPI-TEST-NAIM-609-1,SOL-0225,reference
20443,EPA-1027-1,SOL-0147,reference
20471,G2801-60634,G2801-60648,reference
20482,WRK-145K,SWRK-145K,reference
20489,ICM-235,ISOL-8231A,reference
20504,QCM-211,SOL-0988,reference
20511,RBF-079S,SRBF-079,reference
20518,SMN-102-1,SOL-0099,reference
20525,EPA-1036-1,SOL-0153,reference
20532,PST-2085M100A01,SOL-0722,reference
20546,PPK-608B,AGMTD_116,reference
20574,PST-4735A1000,SOL-2816,reference
20588,PST-4395A100A01,SOL-0201,reference
20609,LCS-6917-4,SOL-0014,reference
20623,US-219-1,SOL-0422,reference
20630,PANAL0170,SOL-1657,reference
20651,G3292-80107,G3292-80106,reference
20721,ICP-183,ISOL-8300A,reference
20728,PHM-550M-1,SOL-1055,reference
20749,G1364-69500,G1364-69520,reference
20756,PST-1945-10MG,SOL-0908,reference
20771,PST-6445-10MG,SOL-2886,reference
20778,RPC-030,SRPC-030,reference
20799,HCM-585-1,SOL-0043,reference
20841,19091N-116,19091N-116I,reference
20848,X3511-64011,X3512-64016,reference
20883,ISM-581X,SOL-0635,reference
20891,RPC-059S,SRPC-059,reference
20898,PST-960K1000,SOL-1088,reference
20905,CH-180-1,AGMTD_187,reference
20926,8010-0158,5188-2788,reference
20940,PST-1795,SOL-0948,reference
20961,IAA-011,ISOL-1131D,reference
20968,MV-V-391885305,391885305,reference
20975,WRK-155D,SOL-1427,reference
20982,ICP-173-25,ISOL-7300A,reference
21003,RBF-002A,SRBF-002A,reference
21032,ICM-303,ISOL-8031A,reference
21047,PHM-824-1,SOL-0825,reference
21068,FLSA-085,SFLSA-085,reference
21110,PST-700K1000,SOL-0940,reference
21117,390886500,8010-0002,reference
21159,ALD-100-1,AGMTD_174,reference
21180,CFC-260-1,GAS-114,reference
21201,FLSA-034,SFLSA-034,reference
21208,PST-2320A100A01,SOL-0894,reference
21222,CLP-401-1,SOL-0060,reference
21229,PANAL0217-3,AGMTD_7,reference
21250,RTP-011,SRTP-011,reference
21263,SG072627,8010-0302,reference
21278,RNH-127,SRNH-127,reference
21292,PPM-828-1,SPST-271,reference
21299,PST-1775M1000,SOL-0878,reference
21306,ICM-105,ISOL-3308B,reference
21362,8010-0060,5183-4438,reference
21383,RPC-178S,SRPC-178,reference
21390,RAB-037,SRAB-037,reference
21397,PST-850M100A01,SOL-0974,reference
21411,WRK-143G,SOL-0171,reference
21418,392620532,8010-0198,reference
21511,PST-1605-10MG,SOL-0968,reference
21525,NPM-525B-1,AGMTHD_21,reference
21532,PST-3415K1000,SOL-2240,reference
21539,PPS-470X,AGMTD_193,reference
21567,AM-150-1,AGMTD_225,reference
21574,FRCK-013A,SOL-0070,reference
21581,PST-6615A1000,SOL-3966,reference
21588,HBM-5154A-1,AGMTD_69,reference
21595,PST-1295,SOL-0750,reference
21616,G1322-60000,5067-6215,reference
21644,ISM-333X-25,SOL-0334,reference
21651,CP910124,8010-0034,reference
21658,PST-1625M100A01,SOL-1014,reference
21665,1248TK-B2,SOL-1248,reference
21672,PP-383-1,SOL-1268,reference
21679,PPM-100-1,SOL-0977,reference
21721,STM-525-1,SOL-0436,reference
21749,5190-1408,AGMTD_44,reference
21756,PST-5530-10MG,SOL-2631,reference
21763,RAH-032,SOL-0510,reference
21798,PANAL0211-6,SOL-1649,reference
21805,EPA-2141N-1,AGMTD_106,reference
21812,WRK-142I,SWRK-142I,reference
21819,RCC-156,SOL-0084,reference
21868,5068-0122,5068-0001,reference
21911,PPS-645-1,AGMTD_170,reference
21925,STM-260N-1,SOL-0320,reference
21939,ICM-241,AGMTD_50,reference
21967,PPS-540X,SOL-2699,reference
21981,CLP-226B-1,AGMTD_183,reference
21988,STS-180-1,AGMTD_128,reference
21995,SWSS2031,5180-4110,reference
22002,NAI-220-1,SOL-4439,reference
22016,MV-V-R007105680,R007105680,reference
22058,US-315-1,SOL-0988,reference
22079,PST-6100A1000,SOL-2560,reference
22086,RPC-053,SRPC-053,reference
22100,ICM-240B,ISOL-4208AB,reference
22121,IAA-025,ISOL-2531A,reference
22135,A4139,5064-8221,reference
22163,AM-270-1,SOL-0254,reference
22184,CLP-285-1,SOL-1248,reference
22191,DRG-1180-10MG,SOL-0309,reference
22212,IAA-281,ISOL-8131B,reference
22254,RPC-1221,SOL-1221,reference
22275,RHH-064,AGMTD_187,reference
22289,MV-V-392607964,MV-V-RE7750027,reference
22324,ICP-070-25,ISOL-7000B,reference
22331,EPA-1068-1,SOL-0715,reference
22352,ICM-601,AGMTD_107,reference
22380,PST-641A100A01,SOL-0928,reference
22387,PST-1705-10MG,SOL-1007,reference
22402,PST-1660-25MG,SOL-0916,reference
22409,EPA-1121-1,AGMTD_187,reference
22437,R0K7382420,5183-4477,reference
22451,5182-9705,CP17973,reference
22479,EPA-100A-1,SGAS-140,reference
22486,X3511-64009,X3501-64016,reference
22493,PST-2805K1000,SOL-0713,reference
22514,PP-160-1,SOL-0810,reference
22529,MV-V-391885304,391885304,reference
22543,PST-840K1000,SOL-0973,reference
22557,PANAL0219-6,SOL-1717,reference
22564,AL3005,CP4044,reference
22571,PANAL0220-5,SOL-1717,reference
22599,G1946-80002,G1946-89002,reference
22613,PST-1460,SOL-0889,reference
22627,5067-4287,5067-4279,reference
22634,IAA-047,ISOL-4731B,reference
22683,AM-320-1,AGMTD_187,reference
22704,CR246225,8010-0207,reference
22725,PST-2110A1000,SOL-0773,reference
22746,QCM-300,SOL-0505,reference
22767,TFP-17-1,SPST-2240,reference
22774,PST-100,SOL-0740,reference
22809,ICM-638,ISOL-2731A,reference
22816,ISM-305-1,SOL-0332,reference
22830,XY-0130-1,SOL-1248,reference
22837,RBF-098S,SRBF-098,reference
22886,PANAL0241,ISOL-1981,reference
22893,NPM-105-1,SOL-0879,reference
22900,DWM-531-1,SOL-1235,reference
22935,HB-131-1,SOL-1028,reference
22942,PST-1130K1000,SOL-0990,reference
22949,G2597-80210,G2597-80310,reference
22956,PST-3195-20MG,SOL-1563,reference
23005,ICP-119,ISOL-1931E,reference
23054,HCM-535-1,SOL-0043,reference
23075,5610102800,5610124700,reference
23082,NPM-508-1,AGMTD_65,reference
23131,PP-250-1,SOL-0880,reference
23145,PST-2695-10MG,SPST-2695,reference
23152,TFP-27-1,AGMTD_251,reference
23159,WRK-170L,SWRK-170L,reference
23180,8200200401,5190-8264,reference
23187,HM84851,5190-1481,reference
23194,ISM-312-1,AGMTHD_20,reference
23215,HB-110-1,SOL-1000,reference
23229,392620401,8010-0417,reference
23250,EPA-1219-1,SOL-0131,reference
23257,X3511-64027,X3512-64016,reference
23264,US-215-5ML,SOL-0336,reference
23271,FLPK-004R,SFLSA-025,reference
23299,US-325-1,SOL-0988,reference
23327,MV-V-6030F3026781,PCG6030F3026781,reference
23341,RPC-078S,SRPC-078,reference
23348,G7544E,5190-4627,reference
23376,5182-0818,CP17970,reference
23383,PST-3610-10MG,SRCA-015,reference
23404,ICP-114-25,ISOL-0768A,reference
23432,EPA-1382-1,SOL-1268,reference
23453,PM-025-1,SOL-0571,reference
23467,PST-6435-10MG,SOL-2675,reference
23474,PSM-101-G,SOL-1585,reference
23509,ISM-337-1,SOL-0334,reference
23516,PST-2365-10MG,SPST-2365,reference
23523,AMM-602N-1,SOL-0104,reference
23530,CP201948,5190-5084,reference
23551,ICP-050,ISOL-0750A,reference
23578,BDAL-73037,BDAL-237603,reference
23593,STS-100-1,SOL-0308,reference
23600,SKS-130,SOL-0497,reference
23607,392612017,8010-0420,reference
23635,RPC-097S,SRPC-097,reference
23656,WRK-101M,SOL-0672,reference
23670,ISM-333X,SOL-0334,reference
23677,392611980,8010-0416,reference
23713,NPI-TEST-AMM-622-1,SOL-0268,reference
23714,CLP-282-1,SOL-0291,reference
23735,RNH-141,SRNH-141,reference
23742,IST-550-1,AGMTD_187,reference
23749,G1833-65429,G1820-65020,reference
23763,PST-1460-10MG,SOL-0889,reference
23770,IST-400-1,AGMTHD_96,reference
23784,PST-1105-10MG,SOL-1818,reference
23792,G2855-90024,G2855-90025,reference
23813,TFP-12-1,SOL-1560,reference
23834,DWM-524S-1,SOL-0056,reference
23869,GCS-200,SOL-1639,reference
23876,FLHC-012,SFLHC-012,reference
23890,PST-2625-10MG,SPST-2625,reference
23897,SCA-100-1,SOL-0104,reference
23904,PST-2610C100A01,SOL-1089,reference
23932,FLM-010-1,SOL-0099,reference
23939,EPA-1244-1,SOL-1270,reference
23960,G3286-80105,6610025500,reference
23967,ICM-453,ISOL-8231A,reference
23974,PST-5890M100A01,SOL-1881,reference
23995,DWM-665-1,SOL-0286,reference
24002,PHM-510M,SOL-1055,reference
24030,US-242-1,AGMTD_170,reference
24044,HBM-545-1,SOL-0800,reference
24051,1242TK-A1,SOL-1242,reference
24066,QCM-251,SOL-0750,reference
24073,G4220-26210,G4220-60016,reference
24080,TCLP-535-1,AGMTD_116,reference
24087,PST-1955K1000,SPST-1955,reference
24094,RPE-001,SOL-0081,reference
24123,ICK-220A,AGMTD_49,reference
24151,MV-V-60130088100,PCG60130088100,reference
24172,CB-682MN-1,SRPC-043,reference
24179,19091N-213,19091N-213I,reference
24200,TFP-31-1,SOL-1901,reference
24229,EPA-2139N-1,SOL-0590,reference
24257,US-305-1,SOL-0923,reference
24285,RPC-DMC-1,SRPC-006,reference
24313,RCC-235-10MG,AGMTD_100,reference
24320,G7550G,5190-4644,reference
24334,RPC-075AS,SRPC-075,reference
24341,HAP-110-1,SOL-0469,reference
24362,5188-6567,5190-3163,reference
24376,PST-3705K1000,SOL-2274,reference
24383,1268TK-1,SOL-1268,reference
24418,US-232-1,SOL-3191,reference
24432,RPC-165S,SRPC-165,reference
24439,PST-2210A100A01,SPST-2210,reference
24446,G7534D,5190-4827,reference
